,Term,combined_pval,combined_z,fdr_bh,matched_genes,rna_lead_genes,cnv_lead_genes,dna_lead_genes,rna_nes,cnv_nes,dna_nes,rna_wcos,cnv_wcos,dna_wcos,mpes
0,HALLMARK_E2F_TARGETS,1.1873577174667347e-10,-6.440940046592772,5.343109728600306e-09,ASF1A;ASF1B;ATAD2;AURKB;BARD1;BRCA2;BRMS1L;BUB1B;CCNB2;CDC20;CDCA3;CDCA8;CDK4;CDKN1B;CENPE;CIT;CKS2;CTCF;DCK;DCLRE1B;DCTPP1;DIAPH3;DONSON;DSCC1;E2F8;EIF2S1;ESPL1;EXOSC8;GINS1;GINS4;HELLS;HUS1;IPO7;KIF18B;KIF22;KIF2C;LIG1;LMNB1;MAD2L1;MCM2;MCM3;MCM5;MCM6;MELK;MSH2;MYBL2;MYC;NAA38;NBN;NCAPD2;NOLC1;NUDT21;NUP107;NUP153;NUP205;PA2G4;PDS5B;PLK1;PLK4;PNN;POLA2;POLD1;POLD3;POLE4;POP7;PPM1D;PRIM2;PTTG1;RAD21;RAN;RANBP1;RFC1;RFC3;RNASEH2A;RPA1;RPA2;RPA3;SLBP;SMC3;SPAG5;SPC24;SPC25;SSRP1;STAG1;STMN1;TACC3;TIMELESS;TK1;TOP2A;TRA2B;TRIP13;TUBB;TUBG1;UBE2S;WDR90;XPO1;XRCC6,SLBP;PA2G4;DCTPP1;CKS2;RFC3;POP7;TUBG1;MAD2L1;BRMS1L;TK1;CIT;DIAPH3;WDR90;GINS1;SPC24;UBE2S;KIF22;BRCA2;NAA38;TIMELESS;SPC25;MYC;SSRP1;PLK4;CDK4;EXOSC8;ASF1B;PTTG1;RNASEH2A;TRIP13;SPAG5;NOLC1;CCNB2;POLD1;E2F8;AURKB;MELK;KIF18B;ESPL1,NOLC1;HELLS;PDS5B;RFC3;EXOSC8;BRCA2;DONSON;SMC3;DIAPH3;MAD2L1;RFC1;SLBP;TACC3;DCK;CENPE;PLK4;BUB1B;CCNB2,BUB1B;RPA2;SPAG5;NBN;DCK;LMNB1;CKS2;TRA2B;SSRP1;NAA38;CDCA8;DIAPH3;BRCA2;POLA2;CCNB2;XRCC6;EXOSC8;IPO7;RAN;NUP107;NUP153;NOLC1;DCTPP1;GINS1;TUBB;PPM1D;TOP2A;POLD3;BARD1;PLK1;RFC3;RFC1;DSCC1;DONSON;RAD21;ASF1B;MCM2;TIMELESS;ATAD2,-2.237088277202435,-1.1581638977448352,-1.4416644192712424,-0.7560103532221911,-0.0790807183253929,-0.41110391762130616,-5.2066843610645845
9,HALLMARK_G2M_CHECKPOINT,1.156054446282688e-09,-6.086222932992215,2.0584792474919246e-08,ABL1;AURKB;BARD1;BCL3;BRCA2;BUB1;CCNA2;CCNB2;CCND1;CCNF;CCNT1;CDC20;CDC6;CDK4;CDKN1B;CENPE;CENPF;CHAF1A;CKS2;CTCF;CUL1;CUL3;CUL5;DBF4;E2F1;E2F2;E2F3;E2F4;EFNA5;EGF;ESPL1;FANCC;GINS2;HIRA;HMGN2;HOXC10;HUS1;KIF11;KIF20B;KIF22;KIF2C;KIF5B;KPNB1;LMNB1;MAD2L1;MARCKS;MCM2;MCM3;MCM5;MCM6;MEIS1;MNAT1;MT2A;MYBL2;MYC;NCL;NEK2;NOLC1;NOTCH2;NUMA1;ODC1;ODF2;PAFAH1B1;PBK;PDS5B;PLK1;PLK4;POLA2;POLQ;PRIM2;PRPF4B;PTTG1;RAD21;RAD23B;RASAL2;RBM14;RPA2;RPS6KA5;SAP30;SFPQ;SLC12A2;SLC7A1;SLC7A5;SMAD3;SMARCC1;SNRPD1;SQLE;STAG1;STMN1;TACC3;TGFB1;TOP1;TOP2A;TRA2B;TRAIP;TROAP;UBE2S;UCK2;UPF1;WRN;XPO1,CKS2;MAD2L1;UCK2;UBE2S;KIF22;CDC6;BRCA2;TRAIP;TOP1;NEK2;MNAT1;E2F1;MYC;PLK4;DBF4;CDK4;PTTG1;TROAP;RAD23B;HIRA;NCL;GINS2;ODC1;NOLC1;CCNB2;SNRPD1;FANCC;AURKB;KIF5B;ESPL1;SLC7A1;CENPF;PLK1;MYBL2;CCNA2;BUB1;PBK;POLQ;LMNB1,KIF5B;NOLC1;SAP30;ODC1;PDS5B;BRCA2;SLC7A1;KIF11;KIF20B;MAD2L1;CCNA2;TACC3;EGF;CENPE;PLK4;SMAD3;CCNB2,KIF11;POLQ;RPA2;E2F1;LMNB1;CKS2;TRA2B;MNAT1;GINS2;BRCA2;KPNB1;ODC1;RAD23B;BUB1;POLA2;MARCKS;CCNB2;KIF20B;NOLC1;E2F2;E2F3;TOP2A;SMARCC1;BARD1;PLK1;PRPF4B;TRAIP;RAD21;CCNA2;TOP1;MCM2;MYBL2;SFPQ;SQLE;HMGN2;MAD2L1,-1.673141147837973,-1.1042500386427656,-1.3346179462630603,-0.5263202656322559,-0.04663246210347344,-0.3079634057137163,-5.187292288842305
16,HALLMARK_FATTY_ACID_METABOLISM,1.3723194983279496e-09,-6.058693084531667,2.0584792474919246e-08,ACAA2;ACADL;ACADS;ACAT2;ACO2;ACOT2;ACSL1;ACSS1;ADIPOR2;ALAD;ALDH9A1;AOC3;AUH;BLVRA;BMPR1B;CA2;CA4;CA6;CBR1;CBR3;CD1D;CEL;CPOX;CPT2;CYP1A1;DECR1;DHCR24;DLD;DLST;ECH1;ECHS1;ELOVL5;ENO2;FABP1;FASN;FH;FMO1;GABARAPL1;GAPDHS;GPD1;GRHPR;HADH;HSD17B11;HSD17B4;HSD17B7;HSDL2;HSP90AA1;HSPH1;IDI1;INMT;LGALS1;LTC4S;MDH1;MDH2;ME1;METAP1;MIF;MLYCD;NBN;NTHL1;ODC1;OSTC;PCBD1;PDHB;PRDX6;PTPRG;PTS;RDH11;RDH16;REEP6;RETSAT;S100A10;SDHD;SERINC1;SLC22A5;SUCLA2;SUCLG1;SUCLG2;TDO2;TP53INP2;UGDH;UROD;UROS;VNN1;YWHAH,PCBD1;SUCLA2;SLC22A5;HSDL2;HSD17B4;MIF;FASN;HSPH1;HSP90AA1;CBR1;MDH2;HADH;DLD;MLYCD;SUCLG1;AUH;PRDX6;SUCLG2;GAPDHS;CA4;ECHS1;ACADS;METAP1;ODC1;BLVRA;REEP6;ACSS1;ECH1;ACAA2;UGDH,ACSL1;PCBD1;ODC1;IDI1;ECHS1;HSPH1;CBR3;CBR1;SUCLA2;UROS;UGDH;METAP1;HSD17B11;BMPR1B;OSTC;HADH;ACAA2;TDO2;CYP1A1,NBN;GAPDHS;LGALS1;CBR3;LTC4S;ACAA2;DECR1;CA6;ODC1;PCBD1;ALDH9A1;OSTC;MDH2;ECH1;TP53INP2,-1.2864548158658922,-1.2670329205152158,-1.0267211714576496,-0.33322899767128455,-0.19150248515050022,-0.044916211188794596,-5.588134741755608
1,HALLMARK_OXIDATIVE_PHOSPHORYLATION,2.1544821760253437e-08,-5.599115504937756,2.4237924480285117e-07,ACAA2;ACADSB;ACAT1;ACO2;AFG3L2;ALDH6A1;ATP6V0C;ATP6V0E1;ATP6V1D;ATP6V1F;ATP6V1G1;COX10;COX17;COX4I1;COX5A;COX5B;COX6A1;COX6B1;COX6C;COX7C;COX8A;CS;CYB5R3;CYC1;DECR1;DLAT;DLD;DLST;ECH1;ECHS1;ETFB;FDX1;FH;GLUD1;GOT2;GPI;GRPEL1;HSPA9;IDH2;IDH3A;ISCA1;LDHB;LRPPRC;MDH1;MDH2;MGST3;MRPL15;MRPL34;MRPS15;MRPS22;MRPS30;MTRF1;NDUFA3;NDUFA4;NDUFA5;NDUFA6;NDUFA7;NDUFA9;NDUFAB1;NDUFB1;NDUFB2;NDUFB5;NDUFB7;NDUFB8;NDUFC1;NDUFC2;NDUFS4;NDUFS6;NDUFS7;NDUFS8;NDUFV2;NQO2;OAT;OXA1L;PDHB;PDK4;PMPCA;POLR2F;POR;RETSAT;RHOT2;SDHB;SDHD;SLC25A12;SLC25A20;SLC25A4;SUCLA2;SUCLG1;SUPV3L1;SURF1;TIMM10;TIMM13;TIMM17A;TIMM50;TOMM22;UQCRB;UQCRC1;UQCRC2;UQCRFS1;UQCRH;UQCRQ;VDAC1;VDAC2,SURF1;NDUFC1;ATP6V1F;NDUFA3;NDUFB8;UQCRC1;GOT2;COX5A;GPI;NDUFA4;COX7C;PMPCA;COX6A1;TIMM10;MRPS30;UQCRQ;NDUFS8;NDUFB1;SUCLA2;NDUFB2;TIMM50;ETFB;GRPEL1;MTRF1;NDUFA5;POR;COX4I1;NDUFAB1;LRPPRC;HSPA9;MDH2;SLC25A4;CYC1;COX8A;COX5B;VDAC1;NDUFS4;MRPL15;DLD;SUCLG1;COX10;TIMM17A;SDHB;TIMM13;MRPS15;ECHS1;IDH2;FDX1;COX17;SUPV3L1;ATP6V1D;COX6C;CS;VDAC2;RHOT2;IDH3A;MRPL34;NDUFA7;UQCRFS1;ECH1;ACAA2;OXA1L;COX6B1;DLST;ISCA1;UQCRB;MGST3;ALDH6A1;ACADSB,NDUFB8;SLC25A4;VDAC2;SUPV3L1;OAT;ECHS1;ACADSB;GLUD1;SUCLA2;MTRF1;GRPEL1;NDUFC1;ACAA2;IDH3A;COX5A;IDH2,NDUFB5;COX4I1;NDUFA3;COX7C;COX6B1;CYC1;MRPS30;ACAA2;DECR1;NDUFA7;HSPA9;ACADSB;GOT2;UQCRB;GPI;MDH2;ECH1;ATP6V1G1;SUPV3L1;ATP6V1F;NDUFB8;CS;UQCRC2;OAT;TIMM50;NDUFV2;COX8A;COX5A;SURF1;NDUFA4,-3.599968695299673,-1.0561371805486035,-1.2297965311363703,-1.845939706931784,-0.02883007803287264,-0.17953893529295864,-2.8809671495608424
3,HALLMARK_MYC_TARGETS_V2,1.0627392757777427e-07,-5.315655705957545,9.564653481999685e-07,AIMP2;BYSL;CDK4;DCTPP1;DDX18;DUSP2;FARSA;GRWD1;HK2;HSPE1;IMP4;IPO4;MAP3K6;MCM5;MRTO4;MYC;NDUFAF4;NOC4L;NOLC1;NOP16;PA2G4;PES1;PLK1;PLK4;PPRC1;RCL1;RRP9;SLC19A1;SLC29A2;SORD;SRM;SUPV3L1;TMEM97;UTP20;WDR43;WDR74,HSPE1;PA2G4;TMEM97;NOP16;SLC29A2;DCTPP1;RRP9;SLC19A1;MRTO4;GRWD1;IMP4;NDUFAF4;HK2;SRM;IPO4;FARSA;MYC;SUPV3L1;PLK4;CDK4;AIMP2;NOLC1;WDR74;UTP20,PPRC1;NOLC1;SLC19A1;SUPV3L1;PLK4;SORD,IPO4;DDX18;SUPV3L1;DUSP2;NOLC1;DCTPP1;MRTO4;NOC4L;PLK1;WDR43;RRP9;PPRC1,-2.882870392814437,-1.126991590649352,-1.0950196556349678,-1.4726440666459408,-0.0579092305346047,-0.10066524320848028,-2.866633204621919
2,HALLMARK_MYC_TARGETS_V1,3.056930239056243e-07,-5.1199028928643795,2.2926976792921826e-06,AIMP2;AP3S1;C1QBP;CAD;CCNA2;CCT2;CCT4;CCT5;CDC20;CDK4;CLNS1A;COPS5;COX5A;CUL1;CYC1;DDX18;DDX21;DHX15;EIF2S1;EIF2S2;EIF3D;EIF3J;ERH;ETF1;EXOSC7;FAM120A;FBL;GLO1;GOT2;HDAC2;HDDC2;HNRNPA3;HSP90AB1;HSPE1;ILF2;IMPDH2;KPNB1;LSM2;LSM7;MAD2L1;MCM2;MCM5;MCM6;MRPL23;MRPS18B;MYC;NDUFAB1;NOLC1;NOP16;ODC1;PA2G4;PABPC1;PPIA;PRPF31;PSMA1;PSMA2;PSMA6;PSMA7;PSMB2;PSMB3;PSMC6;PSMD1;PSMD14;PSMD3;PSMD7;PSMD8;PTGES3;PWP1;RAD23B;RAN;RANBP1;RPL18;RPL22;RPS10;RPS3;RPS6;RRM1;RRP9;RSL1D1;RUVBL2;SET;SF3B3;SMARCC1;SNRPA;SNRPA1;SNRPD1;SNRPD3;SNRPG;SRM;SRPK1;SSBP1;STARD7;TRA2B;TUFM;TYMS;UBA2;VDAC1;XPO1;XRCC6;YWHAQ,EXOSC7;GOT2;COX5A;HSPE1;PA2G4;NOP16;RUVBL2;PTGES3;TUFM;SSBP1;PSMA2;NDUFAB1;RRP9;PSMD14;CYC1;MAD2L1;HSP90AB1;PRPF31;VDAC1;C1QBP;IMPDH2;PPIA;SNRPA;ERH;SRM;COPS5;DDX21;MYC;RPL18;CDK4;AIMP2;UBA2;RAD23B;ODC1;FBL;FAM120A;NOLC1;PSMA7;SNRPD1;CCT2;RSL1D1;EIF2S2,NOLC1;YWHAQ;DDX21;ODC1;DHX15;MAD2L1;CCNA2;COX5A;EIF3J;SNRPA1,TRA2B;CLNS1A;CYC1;KPNB1;ODC1;TYMS;RAD23B;PSMB2;GOT2;CAD;FBL;CCT2;XRCC6;PSMD3;DHX15;DDX18;RAN;PTGES3;RSL1D1;SET;NOLC1;PPIA;C1QBP;SNRPG;CCT4;SMARCC1;PSMA6;SNRPA1;TUFM;HSP90AB1;COX5A;COPS5;RRP9;CCNA2;SRPK1;PSMA2;MCM2;MRPS18B;RPS3;ERH;DDX21;RPL22;MAD2L1,-2.839440842416637,-0.7866959209438377,-1.4401227093017328,-0.9956694429324799,-0.0017260353735311464,-0.4429883502548676,-4.090288324031397
7,HALLMARK_MTORC1_SIGNALING,9.033287446966574e-07,-4.911607206826945,5.8071133587642255e-06,ABCF2;ACTR3;ADIPOR2;ARPC5L;ATP6V1D;BCAT1;BHLHE40;BTG2;BUB1;CALR;CCNF;CD9;COPS5;CORO1A;CTSC;CXCR4;CYB5B;DAPP1;DDIT4;DHCR24;EDEM1;EGLN3;EIF2S2;ELOVL5;ENO1;ETF1;FADS1;FADS2;GAPDH;GBE1;GCLC;GGA2;GMPS;GOT1;GPI;GSR;HK2;HMBS;HSP90B1;HSPA4;HSPA5;HSPA9;HSPE1;IDI1;IFI30;IGFBP5;LDLR;LTA4H;MAP2K3;MCM2;ME1;MLLT11;MTHFD2L;NAMPT;NMT1;NUFIP1;NUP205;PDAP1;PDK1;PGM1;PHGDH;PITPNB;PLK1;PNO1;PNP;POLR3G;PPA1;PPIA;PPP1R15A;PSMC2;PSMC6;PSMD14;QDPR;RDH11;RIT1;RPA1;RPN1;RRP9;SCD;SDF2L1;SEC11A;SERPINH1;SKAP2;SLC2A1;SLC7A11;SLC7A5;SLC9A3R1;SORD;SQLE;SRD5A1;SSR1;STARD4;STC1;STIP1;TES;TM7SF2;TMEM97;TUBA4A;TUBG1;TXNRD1;UCHL5;UFM1;USO1;YKT6,MTHFD2L;GPI;HSPE1;NUFIP1;GOT1;TMEM97;ABCF2;UFM1;RRP9;PSMD14;HSPA9;TUBG1;HSPA4;PPA1;HMBS;PPIA;SDF2L1;TM7SF2;HK2;HSP90B1;NAMPT;DDIT4;HSPA5;COPS5;ATP6V1D;BCAT1;SLC9A3R1;UCHL5;PDAP1;ENO1;CTSC;FADS1;CYB5B;SEC11A;EIF2S2;GSR;LTA4H;STC1;PLK1;FADS2;PSMC2;BUB1;POLR3G;SLC7A11;GCLC;STIP1;SORD;PNO1;PHGDH;CCNF,SCD;GOT1;PPA1;DDIT4;IDI1;UFM1;NUFIP1;QDPR;MTHFD2L;USO1;DAPP1;SLC7A11;SORD;SEC11A,YKT6;MAP2K3;DAPP1;PDK1;CORO1A;HSPA9;PPA1;BUB1;HSPA5;EDEM1;UFM1;BTG2;IFI30;FADS1;GPI;UCHL5;ARPC5L;SLC7A11;TUBA4A;PPIA;PNO1;STIP1;LDLR;PLK1;ME1;COPS5;RRP9;CYB5B;MCM2;GAPDH;SQLE;NUFIP1,-1.7634999916564125,-0.967124751671722,-1.1161140186460194,-0.6750515157489568,-0.020354571097220397,-0.10564201448578762,-3.1827718286634257
4,HALLMARK_EPITHELIAL_MESENCHYMAL_TRANSITION,1.822258897359497e-06,4.772198372153169,1.0250206297647171e-05,ABI3BP;ANPEP;AREG;BASP1;BMP1;CAP2;CAPG;CDH11;CDH2;CDH6;COL16A1;COL1A1;COL1A2;COL3A1;COL4A1;COL4A2;COL5A1;COL5A2;COL5A3;COL6A2;COL7A1;COL8A2;COMP;CRLF1;CTHRC1;CXCL1;CXCL6;DAB2;DKK1;DPYSL3;DST;EDIL3;EFEMP2;EMP3;ENO2;FAP;FBLN5;FBN1;FBN2;FGF2;FMOD;FSTL1;FSTL3;FUCA1;GADD45A;GADD45B;GLIPR1;GPC1;GPX7;GREM1;HTRA1;ID2;IGFBP2;IGFBP4;IL6;INHBA;ITGA2;ITGA5;ITGB3;ITGB5;LAMA1;LAMC1;LGALS1;LOX;LOXL1;LOXL2;LRP1;LUM;MATN3;MFAP5;MGP;MMP14;MMP2;MSX1;NID2;NOTCH2;NT5E;NTM;OXTR;PCOLCE;PCOLCE2;PDGFRB;PLOD1;PLOD3;PPIB;SCG2;SDC4;SERPINH1;SFRP1;SFRP4;SGCB;SGCG;SLIT2;SLIT3;SNAI2;SNTB1;SPARC;SPOCK1;TFPI2;TGFB1;TGFBI;TGFBR3;THBS1;THBS2;THY1;TNC;TNFAIP3;TNFRSF11B;TNFRSF12A;TPM4;VEGFC;VIM;WNT5A,PCOLCE;GLIPR1;FAP;MFAP5;CDH2;MMP14;SFRP4;SPOCK1;ITGB5;ABI3BP;SCG2;INHBA;LOXL1;MMP2;OXTR;LUM;PDGFRB;COL6A2;THBS1;COL1A2;COL1A1;THY1;FGF2;COL3A1;COL5A3;COL5A2;COL8A2;FBN1;EMP3;LGALS1;TNFAIP3;SFRP1;CTHRC1;FBLN5;ITGA5;CAP2;IGFBP4;LRP1;NOTCH2;DPYSL3;TPM4;COL16A1;TGFB1;DST;FSTL1;COL5A1,DKK1;COL6A2;VEGFC;ID2;FBN1;HTRA1;SGCG;VIM;SLIT2;SGCB;THBS1;MSX1;AREG;CXCL1;FGF2;CXCL6;LOXL1;GREM1;ANPEP;PPIB,ITGB3;PPIB;GADD45A;COL5A2;LGALS1;WNT5A;THY1;ID2;BMP1;GADD45B;INHBA;VEGFC;COL1A1;LOXL1;PDGFRB;MFAP5;TNFAIP3;LUM;MMP14;LRP1;TNC;DST;COL5A1;GPX7;GPC1,2.0090108696319966,-1.032031670909613,-0.9446548860117326,0.6861101266247622,-0.01836930366177855,-0.01664294068083375,2.2666531459173656
19,HALLMARK_UNFOLDED_PROTEIN_RESPONSE,4.20243848217639e-06,-4.601110773752291,2.1012192410881947e-05,ATF6;ATP6V0D1;BAG3;CALR;CCL2;CEBPG;CNOT2;CNOT4;CNOT6;DCP1A;DCP2;DDIT4;DDX10;DNAJB9;DNAJC3;EDC4;EDEM1;EEF2;EIF2AK3;EIF2S1;EIF4A2;EIF4A3;EIF4EBP1;ERN1;EXOSC1;EXOSC2;EXOSC4;FKBP14;HSP90B1;HSPA5;HSPA9;IFIT1;KHSRP;KIF5B;LSM4;NFYB;NOLC1;NOP14;PDIA6;PREB;RRP9;SDAD1;SEC11A;SLC7A5;SPCS3;SRPRB;SSR1;STC2;TATDN2;TUBB2A;WIPI1;YIF1A;ZBTB17,RRP9;HSPA9;DNAJB9;PDIA6;HSP90B1;EXOSC1;DDIT4;HSPA5;EXOSC2;NOLC1;KIF5B;SEC11A;EXOSC4;ATP6V0D1;BAG3;EIF4A3;NOP14;SPCS3,KIF5B;NOLC1;EXOSC1;SPCS3;DDIT4;BAG3;IFIT1;NOP14;SDAD1;SEC11A,DCP2;HSPA9;SDAD1;HSPA5;EDEM1;ERN1;YIF1A;TUBB2A;NOLC1;EXOSC4;STC2;RRP9;EIF4A2,-1.3001134652130564,-1.1735974571197998,-0.7417137585838661,-0.31829638175812647,-0.08334414817952854,-0.0005022825699274924,-3.4498429446101238
10,HALLMARK_COAGULATION,1.4487510182908485e-05,4.336339533475618,5.9825663996837044e-05,A2M;ACOX2;ANXA1;APOA1;APOC1;APOC2;APOC3;ARF4;BMP1;C1QA;C1R;C3;C8A;C8B;C8G;CAPN2;CAPN5;CD9;CFB;CFD;CFH;CFI;COMP;CPN1;CRIP2;CTSK;CTSO;DPP4;DUSP14;F10;F11;F12;F13B;F2;F3;FBN1;FGA;FURIN;GDA;GNB2;GNG12;GP1BA;GP9;HTRA1;ITGA2;ITGB3;KLF7;KLKB1;LEFTY2;LRP1;LTA4H;MASP2;MMP10;MMP11;MMP14;MMP15;MMP2;MMP7;MMP8;MMP9;MSRB2;OLR1;PDGFB;PEF1;PF4;PLEK;PREP;PROC;PROZ;PRSS23;RABIF;SERPINC1;SH2B2;SPARC;TF;TFPI2;THBS1;TMPRSS6;VWF,GP1BA;CTSK;MMP10;MMP14;C1R;PDGFB;MMP2;MMP11;THBS1;PROC;MMP9;DUSP14;C3;FBN1;MMP7;KLKB1;LRP1;PREP;CFD;CAPN2;VWF;GNG12,CPN1;MSRB2;KLKB1;F11;FBN1;HTRA1;CRIP2;THBS1;PF4;CFI;FGA;CTSO;FURIN,ITGB3;CTSO;PLEK;FGA;PRSS23;CAPN5;KLKB1;OLR1;BMP1;GP9;CPN1;FURIN;F11;CRIP2;ACOX2;APOC2;C8B;CFI;APOC3;MMP14;LRP1;F10;RABIF;KLF7;VWF,1.5226649235936809,-0.9892946236517955,-1.163355126924542,0.3566478835108199,-0.021715564468147725,-0.13953374789541534,1.0659387033813887
12,HALLMARK_ADIPOGENESIS,1.4624051199226832e-05,-4.334276144586742,5.9825663996837044e-05,ABCA1;ABCB8;ACAA2;ACADL;ACADS;ACO2;ADIG;ADIPOQ;ADIPOR2;ALDH2;ANGPT1;APOE;ATP1B3;BAZ2A;BCL2L13;C3;CAT;CCNG2;CD302;CHCHD10;CHUK;COL15A1;COL4A1;COQ3;COQ5;COQ9;COX6A1;COX8A;CPT2;CS;CYC1;DBT;DECR1;DHRS7;DHRS7B;DLAT;DLD;DNAJB9;DNAJC15;DRAM2;ECH1;ECHS1;EPHX2;ESRRA;ESYT1;ETFB;FAH;FZD4;GADD45A;GBE1;GHITM;GPAM;GPX3;GRPEL1;HADH;HSPB8;IDH3A;IFNGR1;ITGA7;JAGN1;LIPE;LPCAT3;LPL;LTC4S;MAP4K3;MCCC1;MDH2;ME1;MGST3;MRPL15;MTCH2;NDUFA5;NDUFAB1;NDUFB7;NKIRAS1;NMT1;PEMT;PEX14;PFKFB3;PGM1;PLIN2;POR;PPP1R15B;PREB;PTCD3;QDPR;REEP5;REEP6;RETSAT;RIOK3;RNF11;SAMM50;SCP2;SDHB;SLC19A1;SLC25A1;SLC25A10;SLC27A1;SNCG;SOD1;STAT5A;SUCLG1;SULT1A1;TALDO1;TANK;TST;UCP2;UQCRC1;UQCRQ;VEGFB;YWHAG,UQCRC1;COX6A1;UQCRQ;TST;ETFB;GRPEL1;COQ9;NDUFA5;SOD1;POR;NDUFAB1;MDH2;DHRS7B;CYC1;COX8A;MRPL15;HADH;DLD;SUCLG1;SLC19A1;SDHB;PEX14;YWHAG;PTCD3;ABCB8;DNAJB9;ECHS1;GHITM;DNAJC15;ESRRA;ACADS;CHCHD10;CS,CHUK;SLC19A1;GHITM;PFKFB3;ECHS1;SOD1;SNCG;GPAM;DNAJC15;QDPR;GRPEL1;CCNG2;HADH;ACAA2;FAH;IDH3A,NKIRAS1;CD302;SULT1A1;SCP2;PTCD3;SLC19A1;DBT;SDHB;UQCRC1;FAH;ACADL;GPX3;DRAM2;SUCLG1;ALDH2;IDH3A;DNAJC15;DLAT;HSPB8;ACADS;CPT2;GPAM;ABCB8;COQ5;EPHX2;TALDO1;CHUK;RNF11;SLC25A1;DHRS7B,-1.4599355017235054,-0.9964265076051516,1.0659545974461986,-0.3514828863824804,-0.019316211508113166,0.09288898525249248,-1.7008059805764104
8,HALLMARK_TNFA_SIGNALING_VIA_NFKB,0.001088347089602353,3.2666329020585185,0.004081301586008824,ABCA1;AREG;B4GALT1;B4GALT5;BCL3;BHLHE40;BIRC2;BMP2;BTG1;BTG2;CCL2;CCL5;CCND1;CCNL1;CD80;CSF2;CXCL1;CXCL2;CXCL3;CXCL6;DENND5A;DNAJB4;DRAM1;DUSP1;DUSP2;DUSP5;EGR1;EGR3;EHD1;EIF1;ETS2;F2RL1;F3;FOS;FOSL1;FOSL2;GADD45A;GADD45B;GFPT2;HBEGF;HES1;ICAM1;ID2;IER2;IER3;IFIT2;IFNGR2;IL12B;IL1A;IL1B;IL23A;IL6;IL7R;INHBA;IRF1;IRS2;JAG1;KDM6B;KLF10;KLF2;KLF4;KLF9;KYNU;LDLR;LIF;MAP2K3;MAP3K8;MARCKS;MSC;MXD1;MYC;NAMPT;NFKBIA;NFKBIE;NINJ1;NR4A2;OLR1;PANX1;PER1;PFKFB3;PLEK;PLK2;PNRC1;PPP1R15A;PTGER4;PTGS2;REL;RELB;RIPK2;SDC4;SGK1;SMAD3;SNN;SOCS3;SPSB1;STAT5A;TANK;TAP1;TIPARP;TLR2;TNC;TNF;TNFAIP2;TNFAIP3;TNFAIP6;TNFAIP8;TNFRSF9;TNFSF9;TNIP1;TRAF1;TRIB1;TRIP10;TSC22D1;TUBB2A;YRDC;ZC3H12A;ZFP36,TNFAIP6;TNF;MSC;INHBA;LIF;IL7R;TRAF1;EHD1;REL;TNFAIP8;KLF2;IRS2;FOS;TNFAIP3;TNFRSF9;CCND1;IER3;SGK1;DNAJB4;B4GALT1;BTG1;IER2;STAT5A;BIRC2;NFKBIE;ZC3H12A;ZFP36;FOSL2;BTG2;NFKBIA;PANX1;TNIP1;FOSL1;TUBB2A;RIPK2;CCNL1;DUSP1;DENND5A;PNRC1;PLEK;IL12B;KLF4;SOCS3,KYNU;TNFAIP6;MAP3K8;ID2;PFKFB3;ETS2;IFNGR2;IFIT2;TSC22D1;DUSP5;NR4A2;TLR2;CXCL2;AREG;CXCL1;CXCL3;CXCL6;SMAD3,TNFRSF9;GADD45A;PLEK;TSC22D1;ZFP36;TNF;MAP2K3;IL1B;DENND5A;TNFAIP8;KLF10;TRAF1;NFKBIE;CXCL3;OLR1;ID2;MARCKS;BTG2;PTGER4;LIF;TLR2;GADD45B;INHBA;DUSP2;TUBB2A;EHD1;TAP1;LDLR;HES1;TNFAIP3;KLF2;CD80;IRS2;BTG1;IL7R;IFIT2;IRF1;STAT5A;TNC;IL12B;NFKBIA;KDM6B;HBEGF;IL23A;NAMPT;ZC3H12A;NR4A2,1.5705562303151417,-1.029261763356152,-1.490401630680484,0.47759020956232345,-0.023670630292508408,-0.44516431686717434,0.026803268609242255
6,HALLMARK_INFLAMMATORY_RESPONSE,0.002341912678104797,3.0430527619529255,0.008106620808824298,ABCA1;ACVR2A;ADM;ADORA2B;AHR;BDKRB1;BST2;BTG2;C3AR1;C5AR1;CALCRL;CCL17;CCL2;CCL22;CCL24;CCL5;CCL7;CCR7;CD48;CD70;CHST2;CX3CL1;CXCL6;CXCL9;DCBLD2;EBI3;EMP3;EREG;F3;FPR1;FZD5;GNA15;GNAI3;GP1BA;GPR132;HAS2;HBEGF;ICAM1;IFNAR1;IFNGR2;IL10;IL12B;IL18R1;IL18RAP;IL1A;IL1B;IL1R1;IL2RB;IL4R;IL6;IL7R;INHBA;IRAK2;IRF1;ITGA5;ITGB3;ITGB8;KCNJ2;KIF1B;LAMP3;LCP2;LDLR;LIF;MARCO;MEFV;MMP14;MXD1;MYC;NAMPT;NFKBIA;NMI;NMUR1;NOD2;NPFFR2;OLR1;OPRK1;OSM;OSMR;P2RX4;P2RX7;PCDH7;PTGER2;PTGER4;PTGIR;RAF1;RGS1;RGS16;RHOG;RIPK2;RNF144B;ROS1;RTP4;SCN1B;SELE;SELL;SEMA4D;SLAMF1;SLC11A2;SLC1A2;SLC31A2;SLC7A1;SRI;STAB1;TACR1;TACR3;TLR1;TLR2;TLR3;TNFAIP6;TNFRSF1B;TNFRSF9;TNFSF10;TNFSF15;TNFSF9,GP1BA;CCR7;TNFAIP6;SELL;MMP14;CCL22;HAS2;INHBA;LIF;CD48;IL7R;SLAMF1;NOD2;GPR132;EMP3;OPRK1;IL18R1;EBI3;TNFRSF9;SELE;ITGA5;RGS16;RHOG;RAF1;PCDH7;BTG2;NFKBIA;CD70;PTGIR;TLR1;GNAI3;IL2RB;ITGB8;RIPK2;GNA15;SLC11A2;IL4R;IL12B;TLR3;PTGER2;SEMA4D;LCP2;SLC31A2,TNFAIP6;ACVR2A;NMI;TLR3;SLC7A1;IFNGR2;IFNAR1;PCDH7;GPR132;TLR2;TLR1;CXCL9;EREG;TACR3;CXCL6;NPFFR2,ITGB3;TNFRSF9;HAS2;KCNJ2;ROS1;DCBLD2;TACR1;IL18RAP;IL1B;NMI;OLR1;OSM;SELL;BTG2;PTGER4;IFNAR1;LIF;TLR2;CD48;SEMA4D;CCL22;INHBA;NOD2;SLAMF1;IRAK2;LDLR;P2RX4;CALCRL;IL10;EBI3;IL7R;MMP14;PTGER2;TNFRSF1B;CHST2;LCP2;IRF1;CCL24;IL12B;CCL7;NFKBIA;CXCL9;HBEGF;NAMPT,1.6741926801154456,-1.056674940701969,-1.5459670044773552,0.5315188200778805,-0.02191540403372989,-0.45394810072253144,0.15933598390858972
21,HALLMARK_COMPLEMENT,0.00924774092633654,2.6027572417111644,0.029724881548938875,ACTN2;AKAP10;ANXA5;APOA4;APOC1;ATOX1;BRPF3;C1QA;C1R;C3;CA2;CALM3;CBLB;CCL5;CDA;CDH13;CDK5R1;CFB;CFH;COL4A2;CP;CTSC;CTSO;CTSS;CXCL1;DOCK10;DOCK4;DPP4;DUSP5;EHD1;F10;F2;F3;F5;FCER1G;FCN1;FDX1;GCA;GMFB;GNAI2;GNAI3;GNB2;GNB4;GNG2;GNGT2;GP1BA;GP9;GZMA;GZMB;GZMK;HPCAL4;HSPA5;IL6;IRF1;IRF2;JAK2;KCNIP3;KLK1;KLKB1;KYNU;L3MBTL4;LAP3;LCP2;LRP1;LTA4H;LTF;ME1;MMP13;MMP14;MMP15;MMP8;MT3;NOTCH4;OLR1;PCLO;PCSK9;PDGFB;PFN1;PIK3CG;PIM1;PLA2G4A;PLEK;PLSCR1;PPP4C;PRDM4;PREP;PRSS3;PRSS36;RABIF;RAF1;RHOG;RNF4;S100A12;S100A9;SERPINC1;SH2B3;SIRT6;SPOCK2;STX4;TFPI2;TIMP2;TMPRSS6;TNFAIP3;USP15;ZFPM2,MMP13;GP1BA;MMP14;C1R;PDGFB;GZMK;PIM1;PIK3CG;EHD1;C3;GNG2;ZFPM2;DOCK10;TNFAIP3;KLKB1;GMFB;F5;LRP1;FCN1;RHOG;RAF1;PREP;TIMP2;GNAI3;ANXA5;SH2B3;GNAI2;PLEK,KYNU;KLKB1;IRF2;SPOCK2;DUSP5;LAP3;ANXA5;RNF4;CXCL1;CTSO,PIK3CG;CTSO;PLEK;KLKB1;STX4;APOA4;OLR1;HSPA5;GP9;GNAI2;SPOCK2;EHD1;RNF4;PFN1;TNFAIP3;ME1;S100A12;CDK5R1;PCSK9;MMP14;CDA;LCP2;IRF1;LRP1;F10;RABIF,1.3297592025477258,-0.696975001664565,-0.8220029754436444,0.2598921379348435,-8.972515200943203e-05,-0.004701106790970813,2.382101645211586
20,HALLMARK_PROTEIN_SECRETION,0.01819095768980174,-2.3617081293918027,0.054572873069405226,ABCA1;ADAM10;AP3B1;AP3S1;ARFGEF1;ARFGEF2;ATP6V1B1;BET1;BNIP3;CLN5;CLTC;CTSC;DST;EGFR;GBF1;GOLGA4;IGF2R;KIF1B;LMAN1;MON2;NAPA;NAPG;RAB14;RAB22A;RAB2A;SCAMP1;SEC22B;SEC24D;SH3GL2;SNX2;SOD1;STAM;STX12;STX7;TMED10;TMED2;TMX1;TOM1L1;TSG101;TSPAN8;USO1;VAMP3;VAMP4;VPS45;VPS4B;YKT6,TOM1L1;SOD1;BNIP3;IGF2R;VAMP3;RAB2A;SCAMP1;BET1;LMAN1;STAM;SH3GL2;CTSC,GBF1;STAM;BNIP3;SOD1;SEC24D;USO1;LMAN1;VPS4B;ADAM10,SH3GL2;STX12;YKT6;NAPG;VAMP3;SEC22B;VPS4B;LMAN1;TMED2;TMX1;VPS45;RAB2A;TSG101;SCAMP1;ARFGEF2;RAB14,-1.2406691182350846,-1.1702861819717454,-1.5964347326540267,-0.23811367258962235,-0.09080727521167713,-0.428911208379546,-6.322275674825879
24,HALLMARK_IL6_JAK_STAT3_SIGNALING,0.020284783274155758,-2.321038181146769,0.057050952958563064,A2M;CBL;CCL7;CD38;CD9;CSF2;CSF2RB;CXCL1;CXCL13;CXCL3;CXCL9;EBI3;HMOX1;IFNAR1;IFNGR1;IFNGR2;IL10RB;IL17RA;IL17RB;IL18R1;IL1B;IL1R1;IL2RA;IL4R;IL6;IL7;INHBE;IRF1;IRF9;ITGA4;ITGB3;LTBR;MAP3K8;MYD88;OSMR;PDGFC;PF4;PIM1;PTPN1;PTPN11;REG1A;SOCS1;SOCS3;STAM2;STAT2;TGFB1;TLR2;TNF;TNFRSF12A;TNFRSF1A;TNFRSF1B;TNFRSF21;TYK2,TNF;PIM1;CXCL13;IL18R1;ITGA4;EBI3;TGFB1;IFNGR1;IL4R;TNFRSF1A;SOCS3;IL17RA;CBL;TYK2;A2M;IL1R1;LTBR;STAT2;TNFRSF1B;IRF1;CXCL1;MAP3K8;CXCL9;IL6;IL2RA;IFNAR1;PTPN1;IRF9,STAM2;MAP3K8;IL2RA;IFNGR2;IFNAR1;IL10RB;TLR2;CD38;CXCL9;CXCL13;PF4;CXCL1;CXCL3;PDGFC,ITGB3;STAT2;TNF;IL1B;ITGA4;CXCL3;IL17RA;CBL;SOCS1;IFNAR1;TLR2;CD38;IFNGR1;EBI3;STAM2;TNFRSF1B;IRF1;TNFRSF21;CCL7;CXCL9;MYD88,1.247203461722379,-1.3636195682245298,-1.64242518188484,0.3803499789695535,-0.26902471542061923,-0.49436709154669173,-1.1927440661964746
11,HALLMARK_APICAL_JUNCTION,0.02734444126919888,2.206565331308482,0.07238234453611468,ACTA1;ACTB;ACTC1;ACTG1;ACTG2;ACTN2;ACTN3;ACTN4;ADAM23;ADAMTS5;ADRA1B;AKT2;AMH;AMIGO1;ATP1A3;B4GALT1;BMP1;CD86;CDH1;CDH11;CDH15;CDH3;CDH4;CDH6;CDH8;CDK8;CERCAM;CLDN11;CLDN15;CLDN18;CLDN7;COL16A1;COL17A1;COL9A1;CTNNA1;CX3CL1;EGFR;EVL;EXOC4;FBN1;FSCN1;GNAI1;GNAI2;GTF2F1;HADH;ICAM1;ICAM5;INPPL1;ITGA10;ITGA2;ITGA9;JAM3;KRT31;LAYN;LDLRAP1;MAP4K2;MAPK13;MMP2;MMP9;MVD;MYH10;MYH9;NEGR1;NEXN;NLGN2;NRTN;PARVA;PBX2;PCDH1;PFN1;PIK3CB;PPP2R2C;PTEN;RAC2;RHOF;RRAS;SDC3;SKAP2;SLC30A3;SLIT2;SORBS3;SPEG;STX4;SYMPK;TAOK2;TGFBI;THBS3;THY1;TNFRSF11B;TRAF1;TUBG1;VASP;VWF;WASL;WNK4;YWHAH,ACTA1;ADAM23;MMP2;CLDN11;ADRA1B;TRAF1;RAC2;THY1;MMP9;SPEG;NEXN;FBN1;ACTB;YWHAH;MAP4K2;EVL;MYH9;LAYN;SORBS3;COL16A1;CERCAM;PARVA;B4GALT1;LDLRAP1;NLGN2;FSCN1;VWF;TNFRSF11B;RHOF;GNAI2;INPPL1;NEGR1;PBX2;CDH11,FBN1;COL17A1;CDK8;ADAMTS5;PTEN;SLIT2;PPP2R2C;ACTC1;HADH,WASL;KRT31;TRAF1;THBS3;STX4;THY1;AMIGO1;PARVA;BMP1;MAP4K2;GTF2F1;CD86;GNAI2;ACTN4;VASP;RAC2;PCDH1;PFN1;SDC3;SYMPK;ACTC1;SLC30A3;RHOF;VWF;FSCN1;TNFRSF11B;NEGR1;WNK4;CDH11;COL9A1;ICAM1;ICAM5;EXOC4,1.491567782935325,-0.8415045914136309,-0.8910209049889075,0.4263349342960549,-0.004457008448955928,-0.01781302699693522,2.2616571722660255
40,HALLMARK_CHOLESTEROL_HOMEOSTASIS,0.05650462206431191,1.9071233047662373,0.14126155516077976,ACAT2;ACTG1;ALCAM;ALDOC;ANTXR2;ANXA5;ATXN2;AVPR1A;CD9;ECH1;ERRFI1;ETHE1;FABP5;FADS2;FASN;FBXO6;FDFT1;GLDC;GNAI1;GUSB;HSD17B7;IDI1;JAG1;LDLR;LPL;MAL2;MVD;PCYT2;PLSCR1;PMVK;PNRC1;S100A11;SCD;SQLE;SREBF2;STARD4;STX5;TM7SF2;TMEM97;TNFRSF12A,GUSB;TMEM97;FASN;TM7SF2;PCYT2;ETHE1;ERRFI1;ECH1;FABP5;FADS2;HSD17B7;ATXN2;GNAI1;MAL2,SCD;IDI1;ANXA5;ANTXR2,S100A11;MAL2;HSD17B7;PLSCR1;CD9;AVPR1A;PNRC1;TNFRSF12A;FBXO6;ANTXR2;TMEM97;TM7SF2;FDFT1;MVD;PCYT2;GNAI1;ALDOC;SREBF2;FASN;PMVK;ACAT2;JAG1;ERRFI1;ALCAM,-0.7854734108038812,-0.8624554636847848,1.3750648078177483,-0.03853958007467468,-0.0055856304386815835,0.4129874708079456,2.072374133445941
27,HALLMARK_NOTCH_SIGNALING,0.09803664183948432,1.6544474025790425,0.23219204646193656,CCND1;CUL1;DLL1;DTX1;DTX4;FZD5;HES1;HEYL;JAG1;KAT2A;LFNG;MAML2;NOTCH1;NOTCH2;NOTCH3;PRKCA;RBX1;SAP30;ST3GAL6;WNT5A,DTX1;CCND1;MAML2;NOTCH2,SAP30,WNT5A;RBX1;ST3GAL6;HES1;KAT2A,1.109260543051665,-0.6265137867813094,-0.6727413095389111,0.10592398670998654,-0.001120133622069096,-1.66664332253191e-17,2.4107394745158177
13,HALLMARK_APOPTOSIS,0.14596352079829378,1.45393791140308,0.328417921796161,ANKH;ANXA1;AVPR1A;BCL10;BCL2L10;BCL2L2;BIK;BMP2;BNIP3L;BTG2;CAV1;CCND1;CCND2;CD2;CD38;CDKN1B;DAP;DNAJC3;DPYD;EGR3;EMP1;ENO2;ERBB3;EREG;ETF1;F2;F2R;FEZ1;GADD45A;GADD45B;GNA15;GPX3;GSR;GUCY2D;HMOX1;HSPB1;IER3;IFNGR1;IGF2R;IGFBP6;IL1A;IL1B;IL6;IRF1;ISG20;LUM;MGMT;MMP2;NEDD9;PDGFRB;PEA15;PLCB2;PPP2R5B;PPP3R1;RETSAT;RHOT2;RNASEL;ROCK1;SLC20A1;SMAD7;SOD1;TAP1;TGFBR3;TIMP2;TNF;TNFRSF12A;TNFSF10;TOP2A;TXNIP;VDAC2,TNF;MMP2;LUM;PDGFRB;EMP1;F2R;PPP2R5B;CCND1;IER3;ROCK1;CDKN1B;PLCB2;BNIP3L;CD2;IFNGR1;TIMP2;BTG2;PEA15;BCL10;IGFBP6;ANKH;GNA15;SLC20A1,VDAC2;SOD1;MGMT;CD38;EREG;BCL2L10;SMAD7;PLCB2;ISG20;IL1B;IL1A;SLC20A1,GADD45A;TNF;IL1B;TXNIP;PEA15;CD2;F2R;BTG2;GADD45B;CD38;IFNGR1;TAP1;TOP2A;PDGFRB;LUM;ISG20;PPP3R1;RETSAT;SLC20A1;IRF1;ERBB3,1.4415989187495633,-0.9575228764004288,-0.9441688928801658,0.3760160115123779,-0.02437105092237384,-0.02991741269487805,1.9545885689160918
41,HALLMARK_ANDROGEN_RESPONSE,0.15372934150810594,-1.426481714065527,0.3294200175173699,ABCC4;ADAMTS1;AKAP12;ALDH1A3;ANKH;APPBP2;ARID5B;B2M;B4GALT1;BMPR1B;CCND1;DHCR24;DNAJB9;ELL2;ELOVL5;FADS1;GNAI3;GPD1L;GSR;HERC3;HSD17B14;IDI1;IQGAP2;KRT19;KRT8;LMAN1;MAK;MAP7;MERTK;NKX3-1;PA2G4;PGM3;PIAS1;PTPN21;RAB4A;SCD;SEC24D;SGK1;SLC26A2;SLC38A2;SORD;SPCS3;SPDEF;SRF;SRP19;STEAP4;STK39;TMEM50A;TNFAIP8;TSC22D1;UBE2J1;XRCC5;XRCC6;ZMIZ1,MAP7;TNFAIP8;CCND1;ELOVL5;SGK1;UBE2J1;B4GALT1;NKX3-1;PGM3;GNAI3;ANKH,SCD;SPCS3;ARID5B;ZMIZ1;IDI1;ADAMTS1;TSC22D1;SEC24D;BMPR1B;HERC3;LMAN1;B2M;SORD;PIAS1;ALDH1A3,TSC22D1;TNFAIP8;LMAN1;FADS1;XRCC6;B2M;PGM3;SPDEF,0.8348433298371771,-1.3750922600294022,-0.7893950416208397,0.02443818096437825,-0.25010718308675634,-0.0020934302685503875,-2.1270584785847646
17,HALLMARK_PANCREAS_BETA_CELLS,0.18897984344001295,-1.3136029857236438,0.36974317194785145,ABCC8;CHGA;DPP4;ELP4;FOXO1;GCK;HNF1A;ISL1;NEUROD1;NEUROG3;NKX2-2;NKX6-1;PAX4;PCSK1;PCSK2;PDX1;SCGN;SEC11A;SLC2A2;SRP14;SRPRB;SST;SYT13,NEUROG3;DPP4;SST;SEC11A;NKX2-2;GCK;ISL1;SYT13;SLC2A2;NEUROD1;CHGA;NKX6-1;PCSK2;HNF1A;PDX1;PAX4,NEUROG3;FOXO1;PDX1;NKX6-1;SRP14;SEC11A,SYT13;SCGN;HNF1A;NEUROD1;PCSK1;NKX2-2;NKX6-1;PDX1;DPP4;PCSK2;NEUROG3;PAX4;SLC2A2,-1.297997861992388,-1.298226685866629,-0.972623060395321,-0.5845727749832277,-0.21781437596625725,-0.059952455334093,-4.531007940787947
14,HALLMARK_IL2_STAT5_SIGNALING,0.18190171837860458,1.3349224831384954,0.36974317194785145,ABCB1;ADAM19;AHNAK;AHR;ALCAM;ANXA4;BATF;BATF3;BCL2;BHLHE40;BMP2;BMPR2;CA2;CAPG;CCND2;CCR4;CD48;CD81;CD86;CDC6;CDCP1;CKAP4;COL6A1;CSF2;CST7;CTSZ;DCPS;DENND5A;DHRS3;EMP1;ENPP1;EOMES;FAH;FLT3LG;FURIN;GABARAPL1;GADD45B;GALM;GBP4;GLIPR2;GPR65;GPR83;GSTO1;HK2;ICOS;IFNGR1;IGF1R;IGF2R;IKZF4;IL10;IL13;IL18R1;IL1RL1;IL2RA;IL2RB;IL4R;IRF6;IRF8;ITGAE;LIF;LRIG1;LRRC8C;MAP3K8;MAP6;MXD1;MYC;MYO1E;NRP1;NT5E;ODC1;P2RX4;PDCD2L;PIM1;PLIN2;PLSCR1;PNP;POU2F1;PRKCH;PTGER2;PTH1R;PTRH2;RABGAP1L;RGS16;RHOH;RORA;RRAGD;SCN9A;SELL;SELP;SERPINB6;SERPINC1;SH3BGRL2;SHE;SLC29A2;SLC39A8;SMPDL3A;SNX9;SOCS1;SOCS2;SPRED2;ST3GAL4;SWAP70;SYNGR2;SYT11;TIAM1;TNFRSF1B;TNFRSF21;TNFRSF8;TNFRSF9;TNFSF10;TRAF1;TWSG1;UCK2,SELP;SELL;CCR4;RHOH;LIF;CD48;COL6A1;IRF8;TRAF1;SWAP70;PIM1;LRRC8C;EMP1;ADAM19;TNFRSF8;IL18R1;TNFRSF9;AHNAK;RGS16;CST7;GLIPR2;EOMES;IFNGR1;MYO1E;BATF3;PTH1R;CD81;IL2RB;IL4R;DENND5A;NT5E;ENPP1;PLIN2;PTGER2;BMPR2,NRP1;MAP3K8;COL6A1;ODC1;GSTO1;IL2RA;TIAM1;RHOH;SLC39A8;FAH;BCL2;FURIN;MYO1E;IGF1R;RORA,TNFRSF9;RHOH;BATF3;DENND5A;TRAF1;IL13;ODC1;CCR4;SELL;SYNGR2;SOCS1;CD86;LIF;GLIPR2;CD48;GADD45B;FURIN;LRRC8C;IFNGR1;TIAM1;CD81;P2RX4;GSTO1;SCN9A;IL10;SWAP70;ABCB1;EOMES;PTGER2;TNFRSF1B;MAP6;TNFRSF21;PTRH2;ST3GAL4;CCND2,1.3852743024827403,-0.9242940325123962,-1.0873152026206758,0.32921086117646664,-0.01105602271312457,-0.09665795030369174,1.3905400817311766
43,HALLMARK_ESTROGEN_RESPONSE_LATE,0.20503202068424542,-1.267344820829461,0.38443503878296015,ABCA3;ACOX2;AFF1;AGR2;AMFR;ANXA9;AREG;ARL3;BATF;BCL2;BLVRB;CA2;CAV1;CCND1;CD9;CDC20;CDC6;CDH1;CELSR2;CHPT1;CKB;CLIC3;COX6C;CPE;CXCL14;CYP26B1;DCXR;DLG5;DNAJC1;DNAJC12;DUSP2;EGR3;ELOVL5;EMP2;ETFB;FABP5;FAM102A;FARP1;FDFT1;FKBP4;FOS;FRK;GAL;GINS2;HSPA4L;HSPB8;ID2;IDH2;IGFBP4;IL17RB;IMPA2;ISG20;ITPK1;JAK1;JAK2;KCNK5;KIF20A;KLF4;KRT19;LTF;MAPK13;METTL3;MICB;NAB2;NMU;NPY1R;NRIP1;OLFM1;OPN3;OVOL2;PCP4;PERP;PGR;PLK4;PPIF;PRKAR2B;PRLR;PRSS23;PTGES;PTPN6;RAB31;RAPGEFL1;RNASEH2A;RPS6KA2;S100A9;SERPINA3;SERPINA5;SGK1;SIAH2;SLC22A5;SLC24A3;SLC26A2;SLC2A8;SLC7A5;SLC9A3R1;SNX10;SORD;ST14;ST6GALNAC2;SULT2B1;TFAP2C;TFF1;TFF3;TFPI2;TIAM1;TJP3;TNNC1;TOP2A;TRIM29;TSPAN13;TST;UGDH;UNC13B;ZFP36,SERPINA5;OPN3;PERP;CHPT1;NPY1R;KCNK5;PTPN6;FOS;CCND1;ELOVL5;JAK1;RAB31;IGFBP4;SGK1;ZFP36;TRIM29;PGR,ARL3;ID2;CKB;PPIF;DNAJC12;DLG5;DNAJC1;TFF3;PCP4;TFF1;TIAM1;NRIP1;NMU;UGDH;AREG;AFF1;HSPA4L;PLK4;SORD;NPY1R;BCL2;CPE;ISG20;IDH2,OVOL2;PRSS23;PRLR;ZFP36;SLC2A8;SERPINA5;GINS2;SIAH2;ID2;ST14;ST6GALNAC2;NRIP1;OPN3;CXCL14;DUSP2;FKBP4;ACOX2;FAM102A;TIAM1;TOP2A,0.7794096404205033,-1.2188614617093778,-0.8489711970811687,0.012323815635616003,-0.13507523935708127,-0.007386280601658425,-2.2999492445190812
29,HALLMARK_MITOTIC_SPINDLE,0.22174805456263036,-1.2218931014593637,0.3970809336139674,ABL1;ACTN4;ALMS1;ANLN;ARAP3;ARFGEF1;ARHGAP10;ARHGAP29;ARHGDIA;ARHGEF12;ARHGEF3;ARL8A;BRCA2;BUB1;CAPZB;CCNB2;CD2AP;CDC42EP1;CDC42EP2;CDC42EP4;CENPE;CENPF;CENPJ;CEP192;CEP250;CEP57;DOCK2;DOCK4;DST;DYNC1H1;DYNLL2;ECT2;ESPL1;FARP1;FGD4;FGD6;FSCN1;HOOK3;KATNB1;KIF11;KIF1B;KIF20B;KIF22;KIF2C;KIF3B;KIF3C;KIF5B;KIFAP3;KNTC1;KPTN;LATS1;LLGL1;LMNB1;LRPPRC;MAP1S;MAP3K11;MAPRE1;MARCKS;MARK4;MYH10;MYH9;MYO1E;NCK1;NEDD9;NEK2;NET1;NOTCH2;NUMA1;PAFAH1B1;PCGF5;PCM1;PIF1;PKD2;PLEKHG2;PLK1;PPP4R2;PREX1;RAB3GAP1;RABGAP1;RANBP9;RAPGEF5;RASA2;RASAL2;RFC1;RHOF;RHOT2;RICTOR;ROCK1;SAC3D1;SASS6;SHROOM1;SMC3;SOS1;SPTBN1;SSH2;STK38L;SYNPO;TAOK2;TBCD;TIAM1;TOP2A;TRIO;TUBA4A;TUBD1;TUBGCP2;TUBGCP3;WASF2;WASL,KIF3C;STK38L;PCM1;ARHGAP29;NCK1;RASA2;DOCK2;WASF2;ROCK1;PREX1;MYH9;NOTCH2;TUBA4A;SSH2;LATS1;DST;MYO1E;FSCN1;ALMS1;RHOF;SYNPO;RASAL2;NUMA1;CEP57;RAB3GAP1;NEDD9;MARCKS;SOS1;MAP1S;CDC42EP1;TRIO;ACTN4;CAPZB;DYNC1H1;MAP3K11,KIF5B;NET1;TUBGCP2;BRCA2;CENPJ;TIAM1;KIF11;PCGF5;KIF20B;SMC3;RFC1;PKD2;CENPE;ARHGAP10;CCNB2;MYO1E;PIF1;BUB1;ARHGDIA,KIF11;RAB3GAP1;RANBP9;WASL;LMNB1;CEP192;ARAP3;PCGF5;NET1;BRCA2;RICTOR;PCM1;KIFAP3;PPP4R2;TUBGCP3;BUB1;HOOK3;CEP57;MARCKS;CCNB2;SSH2;WASF2;FGD6;KIF20B;SYNPO;TUBA4A;TUBGCP2;ARHGAP10;TIAM1;ACTN4;TOP2A;PKD2,1.090082256149024,-1.0095248962472172,-1.566206144237833,0.15805133015947795,-0.02232591514769717,-0.3651363711341427,-1.2207714964463694
32,HALLMARK_INTERFERON_ALPHA_RESPONSE,0.24496879990098164,-1.162656740047244,0.3970809336139674,B2M;BATF2;BST2;CMPK2;CNP;DDX60;DHX58;GBP2;GBP4;GMPR;HLA-C;IFI30;IFI35;IFI44;IFIT2;IL4R;IL7;IRF1;IRF2;IRF9;ISG20;LAMP3;LAP3;LGALS3BP;NMI;NUB1;OGFR;PARP12;PARP14;PLSCR1;PNPT1;PROCR;PSME2;RIPK2;RNF31;RSAD2;RTP4;SAMD9;SAMD9L;SELL;SLC25A28;STAT2;TAP1;TDRD7;TMEM140;TRIM21;TRIM25;TRIM26;TXNIP;UBA7;USP18,SELL;GBP2;HLA-C;TRIM26;RIPK2;IL4R;TXNIP;TRIM21;RNF31;ISG20;TMEM140;UBA7;B2M;IFI30;STAT2;BATF2;TDRD7;DHX58;IRF1;USP18;SAMD9;IRF2;IFI44;RTP4;TAP1;IRF9,NMI;SLC25A28;IRF2;RSAD2;DDX60;CMPK2;IFIT2;LAP3;B2M;ISG20,STAT2;UBA7;TXNIP;NMI;CMPK2;SELL;SLC25A28;TRIM26;IFI30;B2M;GBP2;TMEM140;TAP1;DHX58;ISG20;IFIT2;IRF1;TRIM25;HLA-C;RNF31;IRF2;NUB1;LGALS3BP;IRF9;TRIM21;LAP3,1.0760428622154503,-1.1820797943327594,-1.3433484587143394,0.22286576439390687,-0.08732962063746874,-0.4153322685966862,-1.2398663740304885
31,HALLMARK_ESTROGEN_RESPONSE_EARLY,0.26090784899299924,1.1242479588741936,0.3970809336139674,ABCA3;ADCY1;ADCY9;AFF1;AKAP1;AMFR;ANXA9;AREG;ARL3;B4GALT1;BCL2;BHLHE40;BLVRB;CBFA2T3;CCND1;CELSR1;CELSR2;CHPT1;CLDN7;CLIC3;CYP26B1;DHRS3;DLC1;EGR3;ELOVL2;ELOVL5;ENDOD1;ESRP2;FAM102A;FARP1;FASN;FDFT1;FKBP4;FOS;FRK;GAB2;GREB1;HES1;HSPB8;IGF1R;IGFBP4;IL17RB;INHBB;INPP5F;ISG20L2;ITPK1;JAK2;KCNK15;KCNK5;KDM4B;KLF10;KLF4;KRT15;KRT19;KRT8;LAD1;LRIG1;MED13L;MICB;MPPED2;MREG;MYC;NADSYN1;NAV2;NPY1R;NRIP1;OLFM1;OLFML3;OPN3;OVOL2;PEX11A;PGR;PPIF;PRSS23;PTGES;RAB17;RAB31;RAPGEFL1;RHOBTB3;RHOD;RPS6KA2;SEC14L2;SIAH2;SLC19A2;SLC1A1;SLC22A5;SLC24A3;SLC26A2;SLC2A1;SLC37A1;SLC7A5;SLC9A3R1;SNX24;STC2;SULT2B1;SYNGR1;SYT12;TFAP2C;TFF1;TFF3;THSD4;TIAM1;TIPARP;TJP3;TSKU;TTC39A;TUBB2B;UGCG,SEC14L2;CBFA2T3;SYT12;OLFML3;OPN3;CHPT1;NPY1R;ELOVL2;KCNK5;KRT15;FOS;CCND1;ELOVL5;RAB31;ENDOD1;IGFBP4;STC2;B4GALT1;KDM4B,ARL3;PPIF;SLC37A1;INPP5F;TFF3;TFF1;TIAM1;NRIP1;AREG;AFF1;NPY1R;BCL2;THSD4;PEX11A;IGF1R,AFF1;KLF4;SLC22A5;RPS6KA2;ESRP2;BHLHE40;SLC7A5;RHOBTB3;LAD1;B4GALT1;INPP5F;CLDN7;HSPB8;MED13L;SULT2B1;SLC19A2;ENDOD1;KDM4B;PTGES;CCND1;TTC39A;ELOVL5;CELSR2;SLC9A3R1;KCNK5;GAB2;KRT19;CLIC3;FDFT1;SNX24;NADSYN1;FOS;LRIG1;JAK2,1.1292709373141712,-0.9853162527844312,1.1780362075082331,0.09289360018693561,-0.02306454134698423,0.1779291705430116,3.472834524532422
36,HALLMARK_HEME_METABOLISM,0.24756484906285203,1.1562843952314092,0.3970809336139674,ABCB6;ABCG2;AGPAT4;ALAD;ALDH1L1;ALDH6A1;ANK1;ARHGEF12;ARL2BP;BLVRA;BLVRB;BNIP3L;BTG2;C3;CA2;CAT;CCDC28A;CDR2;CIR1;CPOX;DAAM1;DCAF10;DCUN1D1;E2F2;ELL2;ENDOD1;EPOR;EZH1;FN3K;FOXJ2;GAPVD1;GCLC;GCLM;GMPS;HBB;HBBP1;HEBP1;HMBS;ISCA1;KAT2B;KEL;KHNYN;KLF1;KLF3;LRP10;MAP2K3;MBOAT2;MFHAS1;MGST3;MINPP1;MOCOS;MXI1;NEK7;NFE2L1;OSBP2;PDZK1IP1;PGLS;PPP2R5B;PSMD9;RAD23A;RANBP10;RBM5;RCL1;RHAG;RIOK3;SELENBP1;SIDT2;SLC11A2;SLC22A4;SLC25A37;SLC25A38;SLC2A1;SLC30A1;SLC30A10;SLC4A1;SLC7A11;SPTA1;SPTB;TAL1;TFDP2;TMCC2;TMEM9B;TNS1;TOP1;TRAK2;TSPAN5;TYR;UBAC1;UCP2;UROD;UROS;USP15;VEZF1,RIOK3;DAAM1;C3;SLC22A4;ANK1;FOXJ2;CIR1;MBOAT2;PPP2R5B;ENDOD1;DCAF10;GCLM;BNIP3L;BTG2;SIDT2;CCDC28A;SLC11A2;TYR;SLC30A10;UCP2;KAT2B;USP15;HBB,MBOAT2;UROS;MXI1;ABCG2;TSPAN5;SLC7A11;MOCOS;KLF3,EZH1;PPP2R5B;OSBP2;SLC30A1;CDR2;ARL2BP;FN3K;GCLM;CA2;MINPP1;RCL1;SELENBP1;KLF1;PDZK1IP1;KHNYN;UROD;AGPAT4;DCAF10;ENDOD1;CIR1;VEZF1;KLF3;ABCB6;KEL;MFHAS1,1.021319305231971,-0.7051635492704669,1.0436451596379763,0.09374912881805357,-6.460478591348548e-18,0.10522966072200687,4.874698339747046
44,HALLMARK_REACTIVE_OXYGEN_SPECIES_PATHWAY,0.2647206224093116,-1.1153029483405745,0.3970809336139674,ATOX1;CAT;FTL;GCLC;GCLM;GPX3;GSR;HHEX;LSP1;MPO;NDUFA6;OXSR1;PDLIM1;PFKP;PRDX6;SBNO2;SOD1;SRXN1;STK25;TXN;TXNRD1;TXNRD2,LSP1,PDLIM1;PFKP;SOD1;HHEX,PRDX6;PDLIM1;GPX3;GCLM;LSP1;FTL;STK25;SBNO2;GCLC;NDUFA6;GSR,0.5253437339107943,-1.2800240740514426,1.270752036753675,0.0002946390113108447,-0.16308986487854896,0.3243400151540048,0.9208758909009068
23,HALLMARK_PEROXISOME,0.23507007824092419,-1.1873994971983017,0.3970809336139674,ABCB1;ABCC5;ABCC8;ABCD2;ACSL1;ALB;ALDH9A1;BCL10;CACNA1B;CAT;CDK7;CEL;CLN6;CLN8;CRABP1;CRABP2;DHCR24;DHRS3;ECH1;ELOVL5;EPHX2;ERCC3;FADS1;FIS1;HSD11B2;HSD17B11;HSD17B4;IDE;IDH2;IDI1;ISOC1;LONP2;MLYCD;MSH2;PABPC1;PEX11A;PEX14;PEX6;RDH11;RETSAT;SCP2;SEMA3C;SERPINA6;SLC25A17;SLC25A4;SLC35B2;SMARCC1;SOD1;SULT2B1;TOP2A;TTR;VPS4B;YWHAH,HSD17B4;FIS1;SOD1;SLC25A4;ISOC1;MLYCD;CLN6;PEX14;IDH2;DHRS3;HSD11B2;FADS1;CLN8;ECH1;TTR;IDE;CDK7;CRABP1;PEX6;SULT2B1;ABCC5,ACSL1;SLC25A4;TTR;IDE;IDI1;SOD1;HSD17B11;ALB;CRABP1;VPS4B;CLN6;PEX11A;IDH2,SERPINA6;VPS4B;ALDH9A1;FADS1;ECH1;SEMA3C;CAT;CDK7;CLN8;PEX6;TOP2A;SMARCC1,-1.118693682736107,-1.3025858587046188,-0.8757928124139784,-0.2699091526271284,-0.19745188884743836,-0.010477142030325666,-5.048214433250704
42,HALLMARK_UV_RESPONSE_UP,0.3425334127576246,-0.9491714633857213,0.49722592174493896,ABCB1;APOM;ATP6V1F;BMP2;BTG1;BTG2;CA2;CCK;CDC34;CDC5L;CDO1;CEBPG;CHRNA5;CNP;CREG1;CXCL2;CYB5B;CYB5R1;CYP1A1;DDX21;DNAJB1;ENO2;EPCAM;FGF18;FKBP4;FMO1;FOS;FURIN;GAL;GGH;GLS;GPX3;GRPEL1;HMOX1;HSPA13;ICAM1;IGFBP2;IL6;IRF1;KLHDC3;LHX2;MMP14;MRPL23;MSX1;NFKBIA;NPTX2;NPTXR;OLFM1;ONECUT1;PDAP1;PLCL1;POLG2;POLR2H;PPAT;PPIF;PPP1R2;PRKACA;PRPF3;PSMC3;RPN1;RXRB;SLC25A4;SPR;STIP1;STK25;SULT1A1;TACR3;TAP1;TCHH;TST;TUBA4A;TYRO3;UROD;WIZ;YKT6,FMO1;MMP14;NPTXR;LHX2;GLS;FOS;TUBA4A;RXRB;BTG1;BTG2;NFKBIA;PSMC3;MSX1,SLC25A4;PPIF;DDX21;HSPA13;GRPEL1;MSX1;PPAT;CXCL2;TACR3;CHRNA5;FURIN;CYP1A1;TYRO3;ONECUT1,YKT6;CDC5L;PRKACA;BTG2;FURIN;PPP1R2;ATP6V1F;POLG2;TUBA4A;PPAT;FKBP4;TAP1;DNAJB1;STIP1;FMO1;ABCB1;BTG1;MMP14;CYB5B;IRF1;NPTXR;APOM;NFKBIA;DDX21,0.7750468439902939,-1.1474794622351894,-0.9352674621528492,0.016745235916570615,-0.08135932225164595,-0.03300599352520581,-2.814364021183348
18,HALLMARK_PI3K_AKT_MTOR_SIGNALING,0.35381272000050423,0.9272192308951247,0.49754913750070906,ACTR3;ADCY2;ARHGDIA;ARPC3;ATF1;CALR;CAMK4;CDK4;CDKN1B;CFL1;CLTC;CSNK2B;CXCR4;DAPP1;DUSP3;E2F1;EGFR;FGF17;FGF22;FGF6;GNA14;HSP90B1;ITPR2;MAP2K3;MAP2K6;MYD88;NCK1;NGF;NOD1;PDK1;PFN1;PIKFYVE;PIN1;PLA2G12A;PPP2R1B;PRKAA2;PRKAR2A;PTEN;PTPN11;RAF1;RALB;RIPK1;RIT1;RPS6KA1;SLC2A1;STAT2;THEM4;TIAM1;TNFRSF1A;TRAF2;UBE2N;VAV3,ADCY2;FGF22;DAPP1;NCK1;CAMK4;THEM4;CDKN1B;CXCR4;PPP2R1B;RAF1;ACTR3;TNFRSF1A;RIPK1;ATF1;RIT1;RPS6KA1;PIKFYVE;PDK1;FGF17,TIAM1;PTEN;PLA2G12A;DAPP1,STAT2;E2F1;MAP2K3;DAPP1;PDK1;CFL1;UBE2N;RALB;FGF17;VAV3;TIAM1;PRKAR2A;PFN1;PLA2G12A;FGF22;PIN1;RPS6KA1;FGF6;MYD88;ARPC3;ATF1;CXCR4;CDKN1B;DUSP3;TNFRSF1A,1.345086459753729,-0.6963880956733228,-1.2482105738987093,0.35102844241438746,-0.001132533301497475,-0.2898749855685506,0.2644523909284189
26,HALLMARK_UV_RESPONSE_DN,0.4346114681290062,-0.7813248330282916,0.5805050618233669,ACVR2A;ADORA2B;AGGF1;ANXA4;BHLHE40;BMPR1A;CAP2;CAV1;CDKN1B;CDON;COL1A1;COL1A2;COL3A1;COL5A2;DAB2;DBP;DLC1;DUSP1;F3;FBLN5;GRK5;HAS2;IGF1R;IGFBP5;ITGB3;KALRN;LAMC1;LDLR;LTBP1;MAGI2;MAP1B;MGMT;MRPS31;MT1E;MTA1;MYC;NEK7;NFIB;NOTCH2;NRP1;PDGFRB;PEX14;PHF3;PIAS3;PIK3CD;PRKAR2B;PRKCA;PRKCE;PTEN;PTPN21;RASA2;RND3;RUNX1;RXRA;SCHIP1;SCN8A;SDC2;SIPA1L1;SLC7A1;SMAD3;SMAD7;SNAI2;SRI;SYNJ2;TGFBR3;WDR37;ZMIZ1,HAS2;PDGFRB;COL1A2;COL1A1;COL3A1;COL5A2;RASA2;PIK3CD;FBLN5;CAP2;CDKN1B;NOTCH2;SCHIP1;PHF3,NRP1;ACVR2A;RND3;ZMIZ1;MRPS31;WDR37;GRK5;SLC7A1;BMPR1A;PTEN;RUNX1;MGMT;MTA1;SMAD7;SMAD3;IGF1R,RND3;DUSP1;BHLHE40;SNAI2;GRK5;COL3A1;F3;RASA2;ADORA2B;DBP,1.2063728373839826,-1.2930784284357242,0.9167402492235264,0.1471613129466103,-0.2065914071041387,0.018858911848615947,-0.32038451254832356
30,HALLMARK_P53_PATHWAY,0.4386038244887661,-0.7745530243070968,0.5805050618233669,ABCC5;ABHD4;ADA;AEN;AK1;ANKRA2;BMP2;BTG1;BTG2;CCND2;CD81;CDH13;CDK5R1;CDKN2AIP;CGRRF1;CLCA2;CSRNP2;CTSF;DCXR;DDB2;DDIT4;DEF6;DNTTIP2;DRAM1;EPHA2;EPS8L2;ERCC5;F2R;FAM162A;FOS;FUCA1;GADD45A;GLS2;GPX2;HBEGF;HDAC3;HMOX1;HSPA4L;IER3;IFI30;IL1A;INHBB;KIF13B;KLF4;LDHB;LIF;MAPKAPK3;MXD1;MXD4;NINJ1;NOTCH1;NUDT15;PERP;PLK2;PLK3;PMM1;POLH;PPM1D;PPP1R15A;PRKAB1;PROCR;PTPN14;PVT1;RAB40C;RAD9A;RALGDS;RB1;RETSAT;RGS16;RPL18;RPS27L;RRP8;RXRA;S100A10;SEC61A1;SERPINB5;SESN1;SLC19A2;SLC35D1;SLC7A11;SOCS1;ST14;TAP1;TAX1BP3;TCHH;TCN2;TGFB1;TM4SF1;TM7SF3;TNFSF9;TNNI1;TPRKB;TRAF4;TSC22D1;TXNIP;VAMP8;WWP1;ZFP36L1;ZNF365,CLCA2;PERP;LIF;SERPINB5;DEF6;F2R;PLK3;ERCC5;FOS;EPS8L2;TAX1BP3;ZNF365;IER3;RGS16;CTSF;TGFB1;BTG1;TM7SF3;BTG2;DDB2;CD81;RAD9A;POLH;DNTTIP2;ABHD4;KLF4;TXNIP;PLK2;TCN2;ZFP36L1,CDKN2AIP;ZNF365;DDIT4;RB1;NUDT15;TSC22D1;MXD4;SLC7A11;HSPA4L;SERPINB5;AEN;RPS27L;IL1A;EPS8L2;ANKRA2;CD81,GADD45A;TSC22D1;DDB2;FAM162A;HDAC3;RPS27L;DNTTIP2;CLCA2;TXNIP;ST14;RRP8;F2R;BTG2;IFI30;SOCS1;EPHA2;LIF;ADA;ERCC5;ANKRA2;SLC7A11;SLC35D1;TAP1;PPM1D;CD81;PTPN14;EPS8L2;RXRA;RAB40C;CDK5R1;BTG1;SESN1;AEN;RETSAT,1.0951720787673664,-0.9068638363081692,-1.4999612185755813,0.14766037091245893,-0.01427888132063513,-0.3869728512685277,-1.3081487413085882
37,HALLMARK_XENOBIOTIC_METABOLISM,0.47358749954143375,0.7166541885305501,0.6088982136961291,ABCC2;ABCC3;ABCD2;ABHD6;ACO2;ACOX2;ACP2;ADH5;AKR1C3;ALDH2;ALDH9A1;AOX1;APOE;ARG1;ARG2;ARPP19;ATOH8;BCAT1;BLVRB;CA2;CAT;CBR1;CCL25;CDA;CDO1;CFB;CRP;CSAD;CYP1A1;CYP1A2;CYP27A1;CYP2J2;CYP2S1;DCXR;DDAH2;DHRS7;ECH1;ELOVL5;ENPEP;ENTPD5;EPHA2;ETS2;F10;F11;FABP1;FAH;FETUB;FMO1;GABARAPL1;GAD1;GCKR;GCLC;GCNT2;GNMT;GSR;GSS;GSTA3;GSTO1;HACL1;HGFAC;HMOX1;HSD17B2;ID2;IGFBP4;IL1R1;IRF8;KYNU;LCAT;LEAP2;LONP1;MAN1A1;MCCC2;MPP2;MT2A;MTHFD1;NFS1;NINJ1;NMT1;NPC1;PDK4;PEMT;PGD;PINK1;PMM1;POR;PSMB10;PTGDS;PTGES;PTGES3;PTS;RBP4;REG1A;RETSAT;SERPINA6;SERTAD1;SLC35B1;SLC35D1;SSR3;TAT;TDO2;TMEM97;TNFRSF1A;TPST1;TTPA;TYR;UGDH;UPB1;VNN1;VTN;XDH,TAT;XDH;FMO1;TDO2;VNN1;IRF8;AOX1;PTGDS;ELOVL5;GCNT2;IGFBP4;GCKR;MAN1A1;TPST1;DDAH2;ABCD2;FETUB;ARG1;PTS;TYR;TNFRSF1A,KYNU;ABCC2;F11;ID2;GSTO1;AKR1C3;ETS2;RBP4;CBR1;UGDH;HGFAC;ENPEP;ADH5;ARPP19;FAH;TDO2;CYP1A1;CYP1A2,SERPINA6;SLC35B1;ID2;ALDH9A1;EPHA2;ECH1;PTGES3;AOX1;F11;ENPEP;CAT;CYP2S1;TPST1;ACOX2;TAT;SLC35D1;FMO1;GSTO1;CCL25;ABCC3;MPP2;CDA;RETSAT;F10;LONP1;VNN1;ABHD6;LEAP2;MAN1A1;ARPP19;GCNT2;KYNU;GAD1;GSS;XDH;CRP;TNFRSF1A,0.9524293240314252,-1.063248338367297,-0.7009206091349868,0.04751162111936867,-0.025060601821130415,-2.2563449703502526e-17,0.861373537438556
35,HALLMARK_WNT_BETA_CATENIN_SIGNALING,0.508769899065846,-0.6607542932318737,0.6359623738323075,ADAM17;AXIN2;CCND2;CUL1;DKK1;DKK4;DLL1;DVL2;GNAI1;HDAC2;HEY2;JAG1;KAT2A;MAML1;MYC;NCSTN;NKD1;NOTCH1;NOTCH4;WNT1;WNT6,WNT6;WNT1,DKK1;ADAM17,CUL1;DKK4;NKD1;DLL1;GNAI1;ADAM17;DKK1,1.0564772686359962,-0.9714545124595604,0.6221878385599202,0.04580576431716885,-0.01383902804019607,0.0022124139700149784,1.5661148975361021
5,HALLMARK_ALLOGRAFT_REJECTION,0.5279090824620144,-0.6312010393750445,0.6420515867781257,ACVR2A;B2M;BCAT1;BCL10;BCL3;CAPG;CARTPT;CCL11;CCL19;CCL2;CCL22;CCL5;CCL7;CCND2;CD1D;CD2;CD28;CD3E;CD3G;CD4;CD7;CD80;CD86;CRTAM;CTSS;CXCL13;CXCL9;EGFR;EIF3A;EIF3D;EIF3J;EIF4G3;ELANE;EREG;ETS1;F2;F2R;GALNT1;GBP2;GLMN;GPR65;GZMA;GZMB;HCLS1;HLA-A;HLA-DMA;HLA-DMB;HLA-DOA;HLA-DOB;HLA-DRA;HLA-E;HLA-G;ICAM1;IFNG;IFNGR1;IFNGR2;IKBKB;IL10;IL11;IL12A;IL12B;IL13;IL16;IL18RAP;IL1B;IL2;IL27RA;IL2RA;IL2RB;IL4R;IL6;IL7;IL9;INHBA;INHBB;IRF8;ITK;JAK2;KRT1;LCP2;LIF;LY75;LY86;MMP9;MRPL3;NCK1;NOS2;PF4;PRKCG;PSMB10;PTPN6;RIPK2;RPL3L;RPS19;RPS3A;RPS9;SIT1;SOCS1;SRGN;ST8SIA4;STAB1;STAT4;TAP1;TGFB1;THY1;TLR1;TLR2;TLR3;TLR6;TNF;TRAF2;TRAT1;UBE2D1;UBE2N;ZAP70,CCL19;HLA-DOB;IL2;IL16;TNF;CCL22;INHBA;HLA-DOA;SIT1;LIF;IRF8;THY1;MMP9;CD28;PTPN6;NCK1;F2R;TLR6;CXCL13;HCLS1;CD3E;ETS1;HLA-E;GBP2;CD1D;LY86;HLA-A;ZAP70;TGFB1;TRAT1;CD2;IFNGR1;TLR1;HLA-DMB;IL2RB;BCL10;RIPK2;ST8SIA4;IL4R;HLA-G;ITK;CD3G;IL12B;TLR3;CRTAM;STAT4;CD4;HLA-DRA,UBE2D1;ACVR2A;TLR3;SRGN;IL2RA;EIF3A;IFNGR2;TLR2;TLR1;IL2;CXCL9;EREG;CXCL13;PF4;RPS3A;IL16;GALNT1;B2M;EIF3J;TLR6,ST8SIA4;HLA-DOB;SIT1;TNF;IL18RAP;IL1B;IL13;RPS3A;THY1;CD28;RPS19;IL27RA;EIF3A;CD2;F2R;CD3E;SOCS1;CD86;LIF;GALNT1;TLR2;B2M;ITK;CCL22;INHBA;UBE2N;IKBKB;STAT4;GBP2;IFNGR1;HLA-DMB;TAP1;HLA-DRA;IFNG;IL10;IL9;TRAT1;CD80;CD4;CCL19;LCP2;HLA-DMA;IL12B;CCL7;CXCL9;CCND2;CCL11;EIF4G3,1.8070161679545529,-1.147960006052637,-1.6709849278435915,0.6289396628177677,-0.07012149644746715,-0.4951762956636344,0.15856897537550416
33,HALLMARK_TGF_BETA_SIGNALING,0.5532625832028617,-0.5928783272369346,0.6551793748454942,BCAR3;BMP2;BMPR1A;BMPR2;CDH1;CDK9;FURIN;HDAC1;ID2;ID3;IFNGR2;KLF10;LEFTY2;LTBP2;PPP1R15A;RAB31;RHOA;SLC20A1;SMAD3;SMAD7;SMURF2;SPTBN1;TGFB1;THBS1,THBS1;BCAR3;RAB31;TGFB1;LTBP2;SLC20A1;BMPR2;PPP1R15A,ID2;IFNGR2;BMPR1A;THBS1;SMAD7;FURIN;SMAD3,CDK9;KLF10;ID2;LTBP2;FURIN;ID3,1.1180809481027238,-1.372611039430638,-0.9171442502741676,0.16119821215054816,-0.2893367021541069,-0.022164619481110336,-0.9381971662604922
34,HALLMARK_ANGIOGENESIS,0.5872398700370184,-0.5428401449906922,0.6775844654273289,APOH;CCND2;COL3A1;COL5A2;CXCL6;FSTL1;JAG1;KCNJ8;LPL;LRPAP1;LUM;MSX1;NRP1;OLR1;PF4;PGLYRP1;PRG2;SERPINA5;SLCO2A1;STC1;TNFRSF21;VTN,SERPINA5;LUM;COL3A1;COL5A2,NRP1;LRPAP1;MSX1;PF4;CXCL6,COL5A2;SERPINA5;OLR1;LUM;TNFRSF21;CCND2;APOH;KCNJ8,1.1313314505279026,-1.2903209002969935,-1.045459522821725,0.09216813515517398,-0.20322869920859907,-0.08505482013815789,-1.8654241047462654
38,HALLMARK_SPERMATOGENESIS,0.7541177119317544,-0.3132144880811743,0.8483824259232237,ACE;ACRBP;ALOX15;BRAF;BUB1;CAMK4;CCNB2;CFTR;CLPB;CLVS1;CNIH2;COIL;CSNK2A2;CST8;DBF4;DCC;DDX25;DMC1;DMRT1;DNAJB8;ELOVL3;GAD1;GAPDHS;GMCL1;GPR182;HOXB1;HSPA1L;HSPA4L;HTR5A;IDE;IL12RB2;JAM3;KIF2C;LPIN1;MAP7;MAST2;MTNR1A;MTOR;NCAPH;NEK2;NOS1;NPY5R;ODF1;PCSK4;PEBP1;PGS1;PHKG2;PRKAR2A;SHE;SLC12A2;SLC2A5;SPATA6;STAM2;SYCP1;TALDO1;TEKT2;TLE4;TNNI3;TNP1;TOPBP1;TSN;TUBA3C;TULP2;YBX2,MAP7;ELOVL3;MTNR1A;HSPA1L;NPY5R;ALOX15;CAMK4;TULP2,STAM2;ELOVL3;MTNR1A;IDE;TUBA3C;HSPA4L;DCC;NPY5R;CCNB2,NPY5R;GAPDHS;CFTR;MAST2;BUB1;CCNB2;CLPB;BRAF;TLE4;PRKAR2A;PEBP1;GMCL1;TULP2;STAM2;PHKG2;CNIH2;ACRBP,0.91263742555619,-1.0016337579220491,-1.0323303896721074,0.025036390493253114,-0.017802505150479892,-0.06164334896249168,-1.7753834604425551
39,HALLMARK_BILE_ACID_METABOLISM,0.8110759084015962,0.23903826895911143,0.8895585435232991,ABCA1;ABCA3;ABCA4;ABCA8;ABCD2;ABCG8;ACSL1;AGXT;AKR1D1;ALDH9A1;APOA1;BBOX1;BCAR3;BMP6;CAT;CYP27A1;CYP39A1;CYP46A1;CYP7B1;DHCR24;EFHC1;EPHX2;FADS1;FADS2;GC;GCLM;GNMT;HACL1;HAO1;HSD17B11;HSD17B4;HSD17B6;HSD3B1;IDH2;IDI1;ISOC1;KLF1;LIPE;LONP2;MLYCD;NEDD4;NPC1;NR0B2;NR1H4;NUDT12;PEX1;PEX11A;PEX11G;PEX12;PEX6;PEX7;PFKM;PIPOX;PNPLA8;RBP1;RETSAT;RXRA;SCP2;SERPINA6;SLC35B2;SOAT2;SOD1;SULT2B1;TFCP2L1;TTR,ABCA4;LIPE;AKR1D1;BCAR3;ABCA8;BBOX1;TFCP2L1;ABCD2;GCLM;SOAT2;CYP7B1;EFHC1;BMP6;CYP39A1;PEX12;GNMT,ACSL1;TTR;IDI1;SOD1;GC;HSD17B11;PEX11A;IDH2;NEDD4,SERPINA6;NEDD4;NR0B2;BBOX1;SOAT2;RBP1;ALDH9A1;FADS1;PIPOX;HSD3B1;CAT;PEX6,0.8698091891850763,-0.9890692531537204,-0.8170142114168711,0.03553185013630479,-0.021625691502231054,-0.0060408420115790245,0.3764587697633466
28,HALLMARK_APICAL_SURFACE,0.8302546406217458,0.21437499356113157,0.8895585435232991,ADAM10;ADIPOR2;AKAP7;ATP8B1;B4GALT1;CD160;CROCC;CX3CL1;DCBLD2;EFNA5;EPHB4;FLOT2;HSPB1;IL2RB;LYPD3;MDGA1;NCOA6;PCSK9;RHCG;RTN4RL1;SCUBE1;SLC2A4;SLC34A3;THY1,LYPD3;THY1;AKAP7;MDGA1;B4GALT1;IL2RB;CROCC;EFNA5;ADIPOR2,ATP8B1;RHCG;ADAM10,DCBLD2;ATP8B1;AKAP7;THY1,1.1170782192280844,-0.9143652762695752,-1.12135692611974,0.185449840829255,-0.010533014025463769,-0.05757371141412832,1.2874745708293467
15,HALLMARK_HEDGEHOG_SIGNALING,0.8665659997465158,-0.16802196425416357,0.9068713950835631,CDK5R1;CELSR1;CRMP1;DPYSL2;ETS2;HEY2;LDB1;MYH9;NKX6-1;NRP1;RTN1;SCG2;SHH;SLIT1;THY1;TLE1;UNC5C,SCG2;THY1;RTN1;MYH9;DPYSL2,NRP1;SLIT1;LDB1;ETS2;CRMP1;NKX6-1;UNC5C,THY1;CDK5R1;TLE1;SCG2;NKX6-1;UNC5C,1.38642713627907,-1.5595524913834125,-0.6130813707057384,0.310914002638106,-0.5334440596185958,-0.0026706344122825834,-0.7461927042146391
25,HALLMARK_DNA_REPAIR,0.9314589499397152,-0.08600939353397767,0.9526284715292542,AAAS;ADA;AK1;ARL6IP1;BRF2;CCNO;CDA;CMPK2;COX17;CSTF3;DDB1;DDB2;DGCR8;EDF1;EIF1B;ELL;ERCC3;ERCC4;ERCC5;GTF2A2;GTF2B;GTF2F1;GTF2H3;GTF2H5;HCLS1;IMPDH2;LIG1;MRPL40;NME3;NPR2;NT5C;NUDT21;PNP;POLA2;POLB;POLD1;POLD3;POLE4;POLH;POLL;POLR1D;POLR2A;POLR2C;POLR2D;POLR2E;POLR2F;POLR2G;POLR2H;POLR3C;POLR3GL;PRIM1;RAD52;RALA;RBX1;REV3L;RFC3;RNMT;RPA2;RPA3;RRM2B;SAC3D1;SEC61A1;SF3A3;SNAPC4;SNAPC5;SSRP1;STX3;SUPT4H1;SURF1;TAF10;TAF13;TK2;TMED2;TSG101;TYMS;VPS37B;VPS37D,SURF1;RFC3;RALA;VPS37D;POLR1D;STX3;ARL6IP1;IMPDH2;POLR2H;EDF1;AK1;COX17;SSRP1;SNAPC5;AAAS;GTF2A2;NT5C;CDA;CCNO;POLD1;DDB1;VPS37B,POLL;CMPK2;RFC3;POLR1D;SNAPC5;GTF2A2,RPA2;EIF1B;DDB2;RNMT;SSRP1;AAAS;RBX1;TYMS;CMPK2;POLA2;GTF2H3;TMED2;GTF2F1;ADA;ERCC5;TSG101;TK2;POLD3;PRIM1;RFC3;SNAPC5;SURF1;SAC3D1,-1.1297377353721294,-0.6601346856467726,-1.362179331418088,-0.20397812911464328,-0.0013904797821073156,-0.27093583428867757,-4.799584613663931
22,HALLMARK_INTERFERON_GAMMA_RESPONSE,0.9945720460600167,0.00680298388366516,0.9945720460600167,APOL6;ARID5B;B2M;BATF2;BST2;BTG1;C1R;CCL2;CCL5;CCL7;CD38;CD86;CFB;CFH;CIITA;CMPK2;CSF2RB;CXCL9;DDX60;DHX58;FPR1;GBP4;GBP6;GZMA;HLA-A;HLA-B;HLA-DMA;HLA-DRB1;HLA-G;ICAM1;IDO1;IFI30;IFI35;IFI44;IFIT1;IFIT2;IL2RB;IL4R;IL6;IL7;IRF1;IRF2;IRF8;IRF9;ISG20;ISOC1;ITGB7;JAK2;KLRK1;LAP3;LATS2;LCP2;LGALS3BP;MT2A;MX2;MYD88;NAMPT;NFKBIA;NLRC5;NMI;NOD1;NUP93;OAS3;OGFR;PARP12;PARP14;PFKP;PIM1;PLA2G4A;PLSCR1;PNP;PNPT1;PSMA2;PSMB10;PSMB2;PSME2;PTGS2;PTPN1;PTPN6;RIPK1;RIPK2;RNF213;RNF31;RSAD2;RTP4;SAMD9L;SAMHD1;SECTM1;SELP;SLAMF7;SLC25A28;SOCS1;SOCS3;SPPL2A;SRI;ST3GAL5;ST8SIA4;STAT2;STAT4;TAP1;TDRD7;TNFAIP2;TNFAIP3;TNFAIP6;TNFSF10;TOR1B;TRIM21;TRIM25;TRIM26;TXNIP;USP18;VAMP5;VAMP8;ZNFX1,SELP;TNFAIP6;C1R;GBP6;IRF8;PIM1;PTPN6;ITGB7;TNFAIP3;HLA-B;CIITA;HLA-A;BTG1;NFKBIA;IL2RB;TRIM26;RIPK2;ST8SIA4;IL4R;APOL6;HLA-G;NLRC5;HLA-DRB1;RIPK1;SOCS3;STAT4;TXNIP;LCP2;HLA-DMA;TRIM21;RNF31;ISG20;CCL5;B2M;ZNFX1;GZMA;IFI30;STAT2;PSMB10;BATF2;CFH;TDRD7;DHX58;IRF1;USP18;MX2;VAMP5;CD86;SLAMF7;IRF2;CXCL9;SAMHD1;IFI44;IL6;RTP4;JAK2;PTPN1;TAP1;IRF9,TNFAIP6;NMI;SLC25A28;IRF2;RSAD2;SPPL2A;DDX60;ARID5B;CMPK2;PFKP;LATS2;MX2;IFIT1;IFIT2;LAP3;CD38;CXCL9;B2M;ISG20,STAT2;ST8SIA4;TXNIP;NMI;PSMB2;CMPK2;SLC25A28;TRIM26;IFI30;SOCS1;CD86;B2M;HLA-DRB1;APOL6;CD38;STAT4;TAP1;DHX58;TNFAIP3;IDO1;HLA-B;ISG20;PSMA2;BTG1;LCP2;IFIT2;LATS2;IRF1;SAMHD1;TRIM25;HLA-DMA;CCL7;NFKBIA;CXCL9;MYD88;SLAMF7;RNF31;IRF2;NAMPT;LGALS3BP;NLRC5;PNP;IRF9;ICAM1;TRIM21;OAS3;LAP3,1.2994796541370317,-1.1038603721803406,-1.2010374311877023,0.42738869696873516,-0.051694023693880896,-0.21531355303907446,0.6790702523310925
