,Term,fdr,es,nes,pval,matched_genes,gene %,lead_genes,tag %
0,HALLMARK_OXIDATIVE_PHOSPHORYLATION,0.0005353980478563485,0.4032880588353799,1.8947307580753219,0.0,MTRF1;UQCRC2;CYC1;COX6A1;CS;FH;NQO2;COX5A;HSPA9;TIMM17A;NDUFS4;UQCRB;MRPL15;NDUFB5;LRPPRC;COX8A;NDUFA7;TIMM13;MRPS30;SDHD;NDUFB2;GOT2;LDHB;UQCRQ;NDUFA5;MRPS15;VDAC2;NDUFB8;DLD;PDK4;NDUFA9;NDUFB7;GLUD1;SDHB;NDUFS7;ECH1;DLAT;COX6C;COX7C;ACO2;TOMM22;IDH3A;SUPV3L1;MRPS22;NDUFS6;NDUFA6;COX4I1;OXA1L;DLST;ATP6V1F;COX5B;ATP6V1G1;ATP6V0E1;NDUFS8;ACADSB;SUCLG1;IDH2;DECR1;ATP6V1D;UQCRH;COX17;NDUFAB1;ACAA2;SLC25A4;CYB5R3;UQCRC1;NDUFC2;MDH2;NDUFA4;TIMM10;MRPL34;GRPEL1;FDX1;COX6B1;GPI;RETSAT;NDUFV2;VDAC1;AFG3L2;ACAT1;SLC25A12;NDUFC1;POR;MGST3;NDUFA3;SURF1;POLR2F;ECHS1;ETFB;COX10;ATP6V0C;MDH1;NDUFB1;ISCA1;PDHB;RHOT2;SUCLA2;ALDH6A1;UQCRFS1;PMPCA;SLC25A20;TIMM50;OAT,27.66%,MTRF1;UQCRC2;CYC1;COX6A1;CS;FH;NQO2;COX5A;HSPA9;TIMM17A;NDUFS4;UQCRB;MRPL15;NDUFB5;LRPPRC;COX8A;NDUFA7;TIMM13;MRPS30;SDHD;NDUFB2;GOT2;LDHB;UQCRQ;NDUFA5;MRPS15;VDAC2;NDUFB8;DLD;PDK4;NDUFA9;NDUFB7;GLUD1;SDHB;NDUFS7;ECH1;DLAT;COX6C;COX7C;ACO2;TOMM22;IDH3A;SUPV3L1;MRPS22,44/103
1,HALLMARK_UNFOLDED_PROTEIN_RESPONSE,0.001070796095712697,0.4665708255856448,1.9169895148207934,0.0019646365422396855,CNOT4;SSR1;PDIA6;EXOSC1;DNAJC3;TUBB2A;HSPA9;BAG3;TATDN2;DCP2;DNAJB9;EIF2AK3;HSPA5;WIPI1;YIF1A;HSP90B1;DDX10;IFIT1;ATP6V0D1;SRPRB;RRP9;NFYB;SEC11A;EXOSC4;EDEM1;EIF4EBP1;ERN1;EEF2;PREB;SLC7A5;EXOSC2;LSM4;SPCS3;CNOT6;DCP1A;CNOT2;DDIT4;KIF5B;ATF6;EIF4A2;CEBPG;CALR;EIF2S1;STC2;ZBTB17;CCL2;NOLC1;EDC4;KHSRP;FKBP14;SDAD1;EIF4A3;NOP14,24.36%,CNOT4;SSR1;PDIA6;EXOSC1;DNAJC3;TUBB2A;HSPA9;BAG3;TATDN2;DCP2;DNAJB9;EIF2AK3;HSPA5;WIPI1;YIF1A;HSP90B1;DDX10;IFIT1;ATP6V0D1;SRPRB;RRP9;NFYB,22/53
2,HALLMARK_HYPOXIA,0.0032123882871380916,0.38848373353428095,1.8499142813196792,0.0,BCAN;SDC2;STC1;PNRC1;AKAP12;CXCR4;NAGK;CHST2;PRKCA;CAV1;IER3;CCNG2;TIPARP;MT1E;MAP3K1;HEXA;DUSP1;DPYSL4;MT2A;PPARGC1A;ALDOB;CDKN1B;NDST2;HSPA5;SLC2A1;KLF7;HMOX1;HS3ST1;PDK1;GBE1;MYH9;TNFAIP3;ISG20;MIF;PFKFB3;GRHPR;PGM2;EFNA3;ETS1;GCNT2;BTG1;EXT1;NDST1;SLC2A5;KLHL24;GAPDHS;PGM1;ENO1;ZNF292;GAPDH;FOS;HAS1;EGFR;IL6;ENO2;NCAN;PFKP;PPP1R15A;SDC3;MXI1;PCK1;KIF5A;ERRFI1;TGFB3;FAM162A;SAP30;DDIT4;CHST3;COL5A1;TMEM45A;STBD1;ILVBL;CP;GALK1;GPI;BNIP3L;STC2;PGF;BCL2;HK2;AMPD3;PDGFB;ADM;BHLHE40;EDN2;SLC25A1;GCK;HOXB9;TES;PGAM2;FOSL2;RORA;SDC4;PPFIA4;PIM1;SULT2B1;ALDOC;CSRP2;ADORA2B;ZFP36;F3;PLIN2;RRAGD;PPP1R3C;SIAH2;IRS2;SELENBP1;GPC1;LALBA;TGFBI;LOX,17.47%,BCAN;SDC2;STC1;PNRC1;AKAP12;CXCR4;NAGK;CHST2;PRKCA;CAV1;IER3;CCNG2;TIPARP;MT1E;MAP3K1;HEXA;DUSP1;DPYSL4;MT2A;PPARGC1A;ALDOB;CDKN1B;NDST2;HSPA5;SLC2A1;KLF7;HMOX1;HS3ST1;PDK1;GBE1;MYH9;TNFAIP3,32/111
3,HALLMARK_MTORC1_SIGNALING,0.0048185824307071376,0.37773720440237885,1.7703694637216099,0.0,BCAT1;STC1;ARPC5L;SSR1;CXCR4;ETF1;USO1;GGA2;PPIA;POLR3G;IFI30;HSPA9;MTHFD2L;TXNRD1;DAPP1;NUP205;RPN1;HSPA5;SLC2A1;RIT1;RPA1;STIP1;PDK1;GBE1;GSR;FADS1;HSP90B1;PSMC2;SORD;NMT1;SRD5A1;CTSC;ME1;RRP9;ADIPOR2;SEC11A;SLC7A11;GCLC;PITPNB;BTG2;PNP;UCHL5;EDEM1;PGM1;GMPS;SLC9A3R1;RDH11;ENO1;ELOVL5;GAPDH;ATP6V1D;QDPR;SQLE;SLC7A5;SDF2L1;LTA4H;NUFIP1;HMBS;CD9;PSMD14;PPP1R15A;STARD4;COPS5;ACTR3;PHGDH;IGFBP5;DDIT4;EGLN3;BUB1;CORO1A;PDAP1;DHCR24;IDI1;SERPINH1;PNO1;YKT6;HSPA4;GPI;CALR;MCM2;CCNF;HK2;SCD;BHLHE40;FADS2;MLLT11;TM7SF2;TMEM97;TES;TUBG1;ABCF2;UFM1;LDLR;PPA1;PLK1;SKAP2;MAP2K3;PSMC6;NAMPT;GOT1;HSPE1;TUBA4A;CYB5B;EIF2S2,20.63%,BCAT1;STC1;ARPC5L;SSR1;CXCR4;ETF1;USO1;GGA2;PPIA;POLR3G;IFI30;HSPA9;MTHFD2L;TXNRD1;DAPP1;NUP205;RPN1;HSPA5;SLC2A1;RIT1;RPA1;STIP1;PDK1;GBE1;GSR;FADS1;HSP90B1;PSMC2;SORD;NMT1;SRD5A1;CTSC;ME1,33/104
4,HALLMARK_PANCREAS_BETA_CELLS,0.04252590208687569,0.46842131778429236,1.556209936061752,0.026694045174537988,NEUROD1;PCSK2;ISL1;ABCC8;NEUROG3;HNF1A;NKX2-2;SRP14;SRPRB;SST;SEC11A;SYT13;CHGA;NKX6-1;SCGN;PAX4;ELP4;FOXO1;PDX1;PCSK1;GCK;DPP4;SLC2A2,31.43%,NEUROD1;PCSK2;ISL1;ABCC8;NEUROG3;HNF1A;NKX2-2;SRP14;SRPRB;SST;SEC11A;SYT13;CHGA,13/23
5,HALLMARK_APOPTOSIS,0.044794970003981166,0.36137183631616115,1.5722892401862245,0.004201680672268907,ANKH;HSPB1;CD38;CAV1;IER3;ETF1;DNAJC3;MMP2;GADD45B;PEA15;IFNGR1;EGR3;CCND1;PDGFRB;CDKN1B;IGF2R;GADD45A;GNA15;DAP;HMOX1;GSR;DPYD;VDAC2;RNASEL;ISG20;TGFBR3;AVPR1A;SOD1;IL1B;ANXA1;BTG2;TOP2A;EMP1;MGMT;TNFSF10;PLCB2;SMAD7;IL6;ENO2;PPP2R5B;TXNIP;F2R;F2;TNF;CD2;TAP1;BNIP3L;BCL2L2;RETSAT;BMP2;TNFRSF12A;IL1A;NEDD9;PPP3R1;EREG;CCND2;BCL2L10;RHOT2;IRF1;ERBB3;SLC20A1;BIK;LUM;GPX3;BCL10;ROCK1;TIMP2;GUCY2D;FEZ1;IGFBP6,19.26%,ANKH;HSPB1;CD38;CAV1;IER3;ETF1;DNAJC3;MMP2;GADD45B;PEA15;IFNGR1;EGR3;CCND1;PDGFRB;CDKN1B;IGF2R;GADD45A;GNA15;DAP;HMOX1;GSR;DPYD;VDAC2;RNASEL;ISG20,25/70
6,HALLMARK_PI3K_AKT_MTOR_SIGNALING,0.04861414274535644,0.3897407863450387,1.5824189300602747,0.013592233009708738,PRKAA2;PTEN;PRKAR2A;CXCR4;DUSP3;PPP2R1B;PIN1;ITPR2;CDKN1B;STAT2;DAPP1;PLA2G12A;ATF1;SLC2A1;RAF1;NOD1;RIT1;ARPC3;PDK1;HSP90B1;TNFRSF1A;TRAF2;PIKFYVE;RIPK1;PTPN11;ARHGDIA;FGF22;FGF17;RALB;CFL1;CSNK2B;EGFR;UBE2N;E2F1;ACTR3;GNA14;THEM4;CALR;PFN1;MYD88;NCK1;NGF;MAP2K6;FGF6;MAP2K3;CLTC;ADCY2;RPS6KA1;CDK4;VAV3;TIAM1;CAMK4,19.16%,PRKAA2;PTEN;PRKAR2A;CXCR4;DUSP3;PPP2R1B;PIN1;ITPR2;CDKN1B;STAT2;DAPP1;PLA2G12A;ATF1;SLC2A1;RAF1;NOD1;RIT1;ARPC3;PDK1;HSP90B1;TNFRSF1A,21/52
7,HALLMARK_ADIPOGENESIS,0.0592953338000906,0.3219379760043097,1.5029509672114594,0.008528784648187633,LPL;PTCD3;CYC1;ESYT1;COX6A1;COQ3;CS;JAGN1;CCNG2;TANK;CHUK;IFNGR1;MRPL15;DNAJC15;DNAJB9;COX8A;NKIRAS1;VEGFB;GADD45A;UQCRQ;GBE1;NDUFA5;ATP1B3;ITGA7;SAMM50;UCP2;NMT1;DLD;DHRS7;ME1;DRAM2;NDUFB7;PFKFB3;ADIPOQ;SDHB;PEMT;FZD4;ECH1;DLAT;DBT;STAT5A;ADIPOR2;ACO2;SOD1;IDH3A;HADH;PPP1R15B;DHRS7B;COL4A1;ABCA1;COQ9;GPAM;SUCLG1;COQ5;PGM1;DECR1;QDPR;PREB;SCP2;MTCH2;NDUFAB1;LIPE;ACAA2;GHITM;UQCRC1;MDH2;GRPEL1;LTC4S;CHCHD10;RIOK3;RETSAT;SLC19A1;ESRRA;CAT;REEP5;EPHX2;FAH;C3;ACADL;POR;PEX14;BCL2L13;MGST3;SLC25A1;ECHS1;CD302;ALDH2;ABCB8;ETFB;MAP4K3;RNF11;MCCC1;REEP6;APOE;SNCG;SLC27A1;SULT1A1;PLIN2;BAZ2A;YWHAG;SLC25A10;COL15A1;GPX3;ACADS;LPCAT3;TST;ADIG;ANGPT1;TALDO1;CPT2;HSPB8,27.03%,LPL;PTCD3;CYC1;ESYT1;COX6A1;COQ3;CS;JAGN1;CCNG2;TANK;CHUK;IFNGR1;MRPL15;DNAJC15;DNAJB9;COX8A;NKIRAS1;VEGFB;GADD45A;UQCRQ;GBE1;NDUFA5;ATP1B3;ITGA7;SAMM50;UCP2;NMT1;DLD;DHRS7;ME1;DRAM2;NDUFB7;PFKFB3;ADIPOQ;SDHB;PEMT;FZD4;ECH1;DLAT;DBT;STAT5A;ADIPOR2;ACO2;SOD1;IDH3A,45/111
8,HALLMARK_MYC_TARGETS_V1,0.1018446064366743,0.30718196414577775,1.4267271587427368,0.02631578947368421,CCT4;PSMB2;CYC1;FBL;ETF1;SNRPD1;PPIA;RAD23B;COX5A;UBA2;YWHAQ;TYMS;SNRPG;PSMD3;XPO1;PTGES3;SMARCC1;PSMD8;SNRPA1;EIF3D;CCT2;GOT2;RAN;KPNB1;PSMD1;SF3B3;RSL1D1;TRA2B;PSMB3;PSMA2;RPL22;CUL1;AIMP2;MRPS18B;RRP9;RRM1;PSMA1;NOP16;PSMA6;EXOSC7;PWP1;RANBP1;LSM7;TUFM;HDAC2;NDUFAB1;CCT5;PSMD14;STARD7;CLNS1A;COPS5;DDX18;MCM6;AP3S1;IMPDH2;MYC;SNRPD3;RPS3;PABPC1;ILF2;MCM2;EIF2S1;HSP90AB1;VDAC1;C1QBP;RPS10;SRM;NOLC1;PRPF31;PSMA7;FAM120A;MAD2L1;CAD;CDC20;RUVBL2;MRPL23;SET;PA2G4;XRCC6;DDX21;EIF3J;CCNA2;RPS6;ODC1;SSBP1;PSMD7;PSMC6;RPL18;MCM5;HDDC2;CDK4;HSPE1;HNRNPA3;GLO1;ERH;SNRPA;SRPK1;DHX15;EIF2S2;LSM2,21.64%,CCT4;PSMB2;CYC1;FBL;ETF1;SNRPD1;PPIA;RAD23B;COX5A;UBA2;YWHAQ;TYMS;SNRPG;PSMD3;XPO1;PTGES3;SMARCC1;PSMD8;SNRPA1;EIF3D;CCT2;GOT2;RAN;KPNB1;PSMD1;SF3B3;RSL1D1;TRA2B;PSMB3;PSMA2;RPL22;CUL1;AIMP2;MRPS18B,34/100
9,HALLMARK_PROTEIN_SECRETION,0.11007783863926526,0.3508917285502243,1.4026040639362487,0.04259634888438134,MON2;USO1;SCAMP1;VPS4B;TMED10;IGF2R;BET1;SNX2;VPS45;TOM1L1;STX12;CTSC;LMAN1;ARFGEF1;GOLGA4;SOD1;STAM;SEC24D;AP3B1;GBF1;TSG101;ABCA1;RAB2A;CLN5;ARFGEF2;TMX1;EGFR;VAMP3;SEC22B;AP3S1;DST;RAB14;KIF1B;TMED2;YKT6;TSPAN8;SH3GL2;ATP6V1B1;NAPG;NAPA;STX7;CLTC;ADAM10;VAMP4;RAB22A;BNIP3,36.56%,MON2;USO1;SCAMP1;VPS4B;TMED10;IGF2R;BET1;SNX2;VPS45;TOM1L1;STX12;CTSC;LMAN1;ARFGEF1;GOLGA4;SOD1;STAM;SEC24D;AP3B1;GBF1;TSG101;ABCA1;RAB2A;CLN5,24/46
10,HALLMARK_TGF_BETA_SIGNALING,0.11613270383502253,0.3991142802653332,1.38112266648494,0.08477842003853564,RAB31;SMAD3;ID3;LTBP2;KLF10;BCAR3;BMPR2;THBS1;HDAC1;BMPR1A;CDK9;SMURF2;SMAD7;ID2;PPP1R15A;FURIN;CDH1;LEFTY2;BMP2;RHOA;SPTBN1;IFNGR2;SLC20A1;TGFB1,31.26%,RAB31;SMAD3;ID3;LTBP2;KLF10;BCAR3;BMPR2;THBS1;HDAC1;BMPR1A;CDK9,11/24
11,HALLMARK_EPITHELIAL_MESENCHYMAL_TRANSITION,0.12597690423422375,-0.35480457457145015,-1.6599370519643442,0.0,TFPI2;SNTB1;EDIL3;LAMA1;TNFRSF11B;MMP2;OXTR;GADD45B;GPX7;PPIB;PDGFRB;FUCA1;GADD45A;TNFAIP3;HTRA1;SGCG;COL5A3;TGFBR3;THBS1;FBLN5;GLIPR1;FGF2;DAB2;COL4A1;BASP1;CAPG;MMP14;CTHRC1;SNAI2;COMP;LOXL2;NID2;SLIT3;ITGB5;IL6;ENO2;ANPEP;TNC;ID2;PCOLCE2;VIM;ITGB3;DKK1;COL5A2;FSTL1;IGFBP2;TPM4;DST;COL16A1;COL5A1;SPARC;CDH6;NOTCH2;WNT5A;SERPINH1;NTM;THBS2;EMP3;INHBA;MGP;PLOD3;MSX1;COL4A2;SPOCK1;TNFRSF12A;ABI3BP;THY1;GREM1;FMOD;FBN1;EFEMP2;LRP1;COL8A2;SLIT2;SDC4;CXCL6;FSTL3;PLOD1;SFRP1;COL7A1;NT5E;LUM;LGALS1;MATN3;FAP;PCOLCE;COL6A2;BMP1;MFAP5;CDH2;COL1A1;SFRP4;SCG2;CDH11;GPC1;CAP2;COL1A2;AREG;TGFBI;FBN2;LOX;TGFB1;CRLF1;LAMC1;IGFBP4;DPYSL3;VEGFC;COL3A1;LOXL1;ITGA5;CXCL1;ITGA2;SGCB,18.92%,SGCB;ITGA2;CXCL1;ITGA5;LOXL1;COL3A1;VEGFC;DPYSL3;IGFBP4;LAMC1;CRLF1;TGFB1;LOX;FBN2;TGFBI;AREG;COL1A2;CAP2;GPC1;CDH11;SCG2;SFRP4;COL1A1;CDH2;MFAP5;BMP1;COL6A2;PCOLCE;FAP;MATN3;LGALS1;LUM;NT5E;COL7A1;SFRP1;PLOD1,36/113
12,HALLMARK_ANDROGEN_RESPONSE,0.14205894869788446,0.3249976186419693,1.3414261190884353,0.07773109243697479,ANKH;AKAP12;SLC26A2;UBE2J1;CCND1;DNAJB9;PIAS1;GPD1L;HERC3;MAK;SLC38A2;GSR;GNAI3;FADS1;SORD;LMAN1;ARID5B;MERTK;ADAMTS1;ZMIZ1;SEC24D;RAB4A;PGM3;ABCC4;XRCC5;PTPN21;B2M;ELOVL5;TMEM50A;IQGAP2;ALDH1A3;SPCS3;KRT8;SRP19;DHCR24;BMPR1B;IDI1;HSD17B14;B4GALT1;APPBP2;ELL2;NKX3-1;SCD;SGK1;TNFAIP8;SRF;PA2G4;XRCC6;SPDEF;STK39;TSC22D1;KRT19;MAP7;STEAP4,30.32%,ANKH;AKAP12;SLC26A2;UBE2J1;CCND1;DNAJB9;PIAS1;GPD1L;HERC3;MAK;SLC38A2;GSR;GNAI3;FADS1;SORD;LMAN1;ARID5B;MERTK;ADAMTS1;ZMIZ1;SEC24D;RAB4A,22/54
13,HALLMARK_KRAS_SIGNALING_DN,0.17403476029394613,-0.3361548064653957,-1.536044944594323,0.0018484288354898336,NGB;CHST2;EDAR;SLC30A3;GPR19;ATP4A;SIDT1;HNF1A;TFCP2L1;RYR2;TLX1;BARD1;KRT5;TGM1;MFSD6;KCNE2;CELSR2;MTHFR;KLHDC8A;BTG2;YPEL1;TFF2;SOX10;PROP1;KRT15;CCR8;RIBC2;CALCB;SLC6A3;CPB1;NR4A2;INSL5;FGF22;NTF3;TFAP2B;CLSTN3;ACTC1;PRODH;YBX2;PTPRJ;CDKAL1;IGFBP2;GP1BA;SPTBN2;KRT4;LFNG;PAX4;MAST3;MYH7;SLC29A3;CPEB3;BMPR1B;LYPD3;SLC25A23;C5;SYNPO;NPHS1;ATP6V1B1;SLC5A5;EDN2;ALOX12B;TCF7L1;SGK1;HSD11B2;CPA2;ABCB11;NRIP2;SNN;PNMT;PDK2;GPRC5C;THNSL2;AMBN;DCC;CDH16;TNNI3;MYO15A;TG;SLC38A3;OXT;NOS1;EGF;SLC16A7;CACNG1;VPREB1;TEX15;MEFV;ENTPD7;EFHD1;CYP11B2;IFNG;CKM;ITIH3;SPHK2;KRT1;KCNN1;CYP39A1;COPZ2;SCN10A;IL12B;TSHB;CCDC106;GRID2;CD80;RSAD2;CLPS,19.56%,CLPS;RSAD2;CD80;GRID2;CCDC106;TSHB;IL12B;SCN10A;COPZ2;CYP39A1;KCNN1;KRT1;SPHK2;ITIH3;CKM;IFNG;CYP11B2;EFHD1;ENTPD7;MEFV;TEX15;VPREB1;CACNG1;SLC16A7;EGF;NOS1;OXT;SLC38A3;TG;MYO15A;TNNI3;CDH16;DCC,33/106
14,HALLMARK_APICAL_SURFACE,0.19293129592907965,-0.42405614537323316,-1.4364256966620421,0.06981519507186858,HSPB1;FLOT2;CD160;PCSK9;ADIPOR2;RHCG;DCBLD2;ATP8B1;SLC2A4;SLC34A3;LYPD3;AKAP7;B4GALT1;EPHB4;NCOA6;THY1;EFNA5;ADAM10;CX3CL1;SCUBE1;IL2RB;CROCC;RTN4RL1;MDGA1,9.87%,MDGA1;RTN4RL1;CROCC;IL2RB;SCUBE1;CX3CL1,6/24
15,HALLMARK_COMPLEMENT,0.21070803685990902,-0.3040731137353676,-1.3969914168319817,0.03732809430255403,TFPI2;GNB2;APOA4;APOC1;RABIF;LTF;AKAP10;RNF4;CTSO;EHD1;HSPA5;RAF1;BRPF3;TNFAIP3;GNAI3;ACTN2;PCSK9;CTSC;ME1;MMP13;USP15;PIK3CG;S100A9;PLEK;OLR1;GNAI2;PPP4C;MMP14;IRF2;SPOCK2;FCN1;CBLB;PLA2G4A;IL6;GZMA;CDK5R1;CFB;LTA4H;CA2;ZFPM2;GP1BA;FCER1G;F5;FDX1;F2;CP;PLSCR1;CDA;C1R;KLKB1;CTSS;GMFB;C3;PFN1;SH2B3;CDH13;ANXA5;PDGFB;COL4A2;STX4;ATOX1;MT3;LAP3;LRP1;L3MBTL4;GCA;TMPRSS6;CCL5;PIM1;PRSS3;DPP4;GNGT2;F3;PRDM4;IRF1;DUSP5;GNB4;HPCAL4;NOTCH4;GZMB;MMP8;RHOG;SERPINC1;C1QA;PRSS36;DOCK4;F10;PCLO;CALM3;KCNIP3;MMP15;KLK1;GNG2;DOCK10;GP9;PREP;SIRT6;TIMP2;JAK2;LCP2;CFH;S100A12;GZMK;CXCL1;KYNU,21.20%,KYNU;CXCL1;GZMK;S100A12;CFH;LCP2;JAK2;TIMP2;SIRT6;PREP;GP9;DOCK10;GNG2;KLK1;MMP15;KCNIP3;CALM3;PCLO;F10;DOCK4;PRSS36;C1QA;SERPINC1;RHOG;MMP8;GZMB;NOTCH4;HPCAL4;GNB4;DUSP5;IRF1;PRDM4;F3;GNGT2;DPP4;PRSS3,36/105
16,HALLMARK_INFLAMMATORY_RESPONSE,0.23609005015747114,-0.31083310718603074,-1.4501987140044104,0.017142857142857144,NFKBIA;CHST2;NPFFR2;CD70;CCL24;CXCL9;IL4R;MARCO;HAS2;RAF1;AHR;GNA15;IL10;GNAI3;TNFRSF9;RGS16;NOD2;IFNAR1;TNFAIP6;SLAMF1;RIPK2;SLC1A2;IL1B;IL18RAP;BTG2;OLR1;SELE;KCNJ2;TLR2;ICAM1;C3AR1;CD48;ABCA1;MXD1;BST2;TNFSF10;ACVR2A;LAMP3;MMP14;CCL7;PTGER2;DCBLD2;CCL22;IL6;ITGB3;GP1BA;MYC;GPR132;P2RX4;KIF1B;ROS1;SLC7A1;SLC31A2;EMP3;P2RX7;RNF144B;INHBA;TACR3;OSM;RGS1;NMI;ADM;CCL2;TNFRSF1B;IL1A;TNFSF9;IFNGR2;C5AR1;IRAK2;EBI3;LIF;EREG;SCN1B;FZD5;CXCL6;LDLR;CCL5;ADORA2B;PTGIR;SLC11A2;F3;IRF1;NMUR1;PCDH7;RHOG;CCL17;CCR7;IL18R1;SEMA4D;NAMPT;ITGB8;OPRK1;RTP4;FPR1;STAB1;TACR1;MEFV;SELL;CX3CL1;PTGER4;OSMR;BDKRB1;TNFSF15;IL7R;LCP2;IL2RB;IL12B;HBEGF;CALCRL;IL1R1;ITGA5;TLR3;SRI;TLR1,24.12%,TLR1;SRI;TLR3;ITGA5;IL1R1;CALCRL;HBEGF;IL12B;IL2RB;LCP2;IL7R;TNFSF15;BDKRB1;OSMR;PTGER4;CX3CL1;SELL;MEFV;TACR1;STAB1;FPR1;RTP4;OPRK1;ITGB8;NAMPT;SEMA4D;IL18R1;CCR7;CCL17;RHOG;PCDH7;NMUR1;IRF1;F3;SLC11A2;PTGIR;ADORA2B;CCL5;LDLR;CXCL6;FZD5,41/114
17,HALLMARK_E2F_TARGETS,0.27832461595486185,0.26834006770702995,1.2261315241120412,0.12291666666666666,MYBL2;CCNB2;BUB1B;ATAD2;SPAG5;TUBB;EXOSC8;XPO1;HUS1;NBN;RPA2;CDKN1B;NUP205;RNASEH2A;TIMELESS;RAN;RAD21;ASF1B;RPA3;DCK;RPA1;BARD1;TRA2B;CTCF;ASF1A;STAG1;RFC3;NUP153;LMNB1;HELLS;PDS5B;DONSON;TOP2A;DCLRE1B;DSCC1;GINS1;UBE2S;BRCA2;KIF22;PNN;RANBP1;GINS4;SLBP;PLK4;TK1;POLA2;POLD3;CKS2;NCAPD2;PRIM2;ESPL1;PPM1D;DCTPP1;MCM6;CIT;TRIP13;IPO7;MYC;RFC1;MSH2;POP7;NUDT21;NUP107;SMC3;MCM2;EIF2S1;SSRP1;POLE4;NOLC1;CDCA3;DIAPH3;BRMS1L;MAD2L1;CDC20;NAA38;LIG1;PTTG1;TUBG1;TACC3;PA2G4;XRCC6;WDR90;POLD1;SPC25;PLK1;MELK;MCM3;KIF2C;MCM5;E2F8;CDK4;AURKB;STMN1;CENPE;SPC24;CDCA8;KIF18B,22.62%,MYBL2;CCNB2;BUB1B;ATAD2;SPAG5;TUBB;EXOSC8;XPO1;HUS1;NBN;RPA2;CDKN1B;NUP205;RNASEH2A;TIMELESS;RAN;RAD21;ASF1B;RPA3;DCK;RPA1;BARD1;TRA2B;CTCF;ASF1A;STAG1;RFC3;NUP153;LMNB1,29/97
18,HALLMARK_GLYCOLYSIS,0.29599863502915275,0.2593010206607475,1.2028718152558044,0.1570796460176991,SDC2;STC1;ALG1;B3GAT3;FKBP4;CXCR4;CHST2;IER3;ARPP19;NOL3;XYLT2;PPIA;CHST1;DPYSL4;NANP;ALDOB;ALDH9A1;PGAM1;HSPA5;GNE;GOT2;ISG20;ALDH7A1;DLD;ME1;MIF;B4GALT7;MERTK;SOD1;PGM2;NDST3;GCLC;EFNA3;TXN;EXT1;B3GNT3;GAPDHS;GYS2;HOMER1;FBP2;KIF20A;ENO1;ZNF292;EGFR;ENO2;GNPDA1;PFKP;SDC3;MXI1;FAM162A;SAP30;MDH2;CLN6;DDIT4;EGLN3;COL5A1;CHST12;PAXIP1;GALK1;GFPT1;LCT;B4GALT1;PGLS;STC2;CHPF;HK2;SRD5A3;CHPF2;MDH1;PGAM2;SPAG4;PPFIA4;ABCB6;ADORA2B;PLOD1;GLCE;BIK;NT5E;GAL3ST1;GOT1;RRAGD;PYGB;SOX9;SLC25A10;LHX9;STMN1;CAPN5;TPST1;IRS2;CHST6;GPC1;TGFBI;MPI;GUSB;PMM2;TALDO1;TFF3;SLC35A3,14.22%,SDC2;STC1;ALG1;B3GAT3;FKBP4;CXCR4;CHST2;IER3;ARPP19;NOL3;XYLT2;PPIA;CHST1;DPYSL4;NANP;ALDOB;ALDH9A1;PGAM1;HSPA5;GNE;GOT2,21/98
19,HALLMARK_DNA_REPAIR,0.34879398157681596,0.26096720039520965,1.161983264022302,0.17928286852589642,SUPT4H1;TK2;SNAPC5;GTF2F1;TYMS;MRPL40;RPA2;RAD52;VPS37B;RPA3;NPR2;BRF2;RFC3;ELL;POLB;GTF2B;POLR2H;DDB1;POLR1D;POLR2A;POLR2G;RALA;GTF2H5;POLR3GL;PNP;GTF2H3;TSG101;POLR2E;POLR3C;ARL6IP1;SAC3D1;CSTF3;POLR2C;ERCC3;POLA2;POLD3;EDF1;COX17;PRIM1;RBX1;POLH;RRM2B;POLR2D;IMPDH2;GTF2A2;RNMT;ADA;TMED2;EIF1B;REV3L;CMPK2;NUDT21;STX3;TAF10;CDA;SSRP1;ERCC4;SF3A3;POLE4;DGCR8;SURF1;POLR2F;NT5C;AK1;LIG1;DDB2;POLD1;SNAPC4;NME3;HCLS1;ERCC5;CCNO;AAAS;SEC61A1;POLL;VPS37D;TAF13,35.94%,SUPT4H1;TK2;SNAPC5;GTF2F1;TYMS;MRPL40;RPA2;RAD52;VPS37B;RPA3;NPR2;BRF2;RFC3;ELL;POLB;GTF2B;POLR2H;DDB1;POLR1D;POLR2A;POLR2G;RALA;GTF2H5;POLR3GL;PNP;GTF2H3;TSG101;POLR2E;POLR3C;ARL6IP1;SAC3D1,31/77
20,HALLMARK_MYOGENESIS,0.35973404875772774,-0.2881041434572829,-1.2953287948983256,0.0838095238095238,MYL2;GADD45B;MYH4;DAPK2;COX6A2;CKB;ACTA1;GABARAPL2;SYNGR2;RB1;ACSL1;MYF6;RIT1;FLII;MYH9;PFKM;ITGA7;ACTN2;SGCG;MYOM2;MEF2D;MAPRE3;IGFBP7;TNNI1;SOD3;FGF2;COX7A1;TPM3;MYH8;TNNC1;ADCY9;SCHIP1;BDKRB2;CASQ2;ACTC1;ITGB5;AKT2;SPARC;MYH7;CHRNB1;EIF4A2;GNAO1;STC2;SCD;CDH13;NAV2;CNN3;BHLHE40;EPHB3;OCEL1;VIPR1;COL4A2;CFD;LSP1;PVALB;AK1;PGAM2;HSPB2;PPFIA4;PTGIS;SPDEF;NOTCH1;HRC;ERBB3;TNNC2;ACTN3;MYH1;MYH3;DES;NOS1;TCAP;KLF5;SPEG;COL6A2;PPP1R3C;SLN;CACNG1;COL15A1;COL1A1;GPX3;AEBP1;APOD;LPIN1;MYBPH;CKM;TGFB1;SORBS3;MYBPC3;HSPB8;HBEGF;MYL7;COL3A1;MYL3,15.10%,MYL3;COL3A1;MYL7;HBEGF;HSPB8;MYBPC3;SORBS3;TGFB1;CKM;MYBPH;LPIN1;APOD;AEBP1;GPX3;COL1A1;COL15A1;CACNG1;SLN;PPP1R3C;COL6A2;SPEG;KLF5;TCAP;NOS1;DES,25/93
21,HALLMARK_XENOBIOTIC_METABOLISM,0.3885954241722351,-0.26962597326980126,-1.2574292667134512,0.09981167608286252,ABCC2;BCAT1;ARPP19;SLC35B1;REG1A;MT2A;PTGES3;ALDH9A1;HACL1;ACOX2;NPC1;ARG2;HMOX1;EPHA2;GSR;TNFRSF1A;NMT1;DHRS7;PDK4;PSMB10;VNN1;DDAH2;PEMT;ECH1;ACO2;GABARAPL1;GCLC;DCXR;SSR3;GCNT2;UGDH;SLC35D1;CRP;IRF8;FETUB;ADH5;ENPEP;ELOVL5;FMO1;GCKR;SERPINA6;NFS1;TAT;MAN1A1;ID2;CFB;CA2;HSD17B2;GAD1;F11;ABHD6;PGD;ATOH8;ACP2;BLVRB;GSTO1;PMM1;LCAT;CYP1A2;CDA;NINJ1;RETSAT;MTHFD1;PINK1;CAT;CYP1A1;ARG1;LONP1;SERTAD1;FAH;POR;PTGDS;RBP4;GNMT;CCL25;ALDH2;ABCC3;TMEM97;VTN;APOE;PTS;HGFAC;TYR;AOX1;TDO2;AKR1C3;PTGES;XDH;ENTPD5;CDO1;F10;LEAP2;MPP2;UPB1;CBR1;TPST1;CYP2S1;CSAD;TTPA;MCCC2;IGFBP4;ABCD2;ETS2;GSTA3;IL1R1;GSS;FABP1;CYP27A1;KYNU;CYP2J2,18.89%,CYP2J2;KYNU;CYP27A1;FABP1;GSS;IL1R1;GSTA3;ETS2;ABCD2;IGFBP4;MCCC2;TTPA;CSAD;CYP2S1;TPST1;CBR1;UPB1;MPP2;LEAP2;F10;CDO1;ENTPD5;XDH;PTGES;AKR1C3;TDO2;AOX1,27/110
22,HALLMARK_G2M_CHECKPOINT,0.45157850903083796,0.2315142514290217,1.0783021902621737,0.28752642706131076,HOXC10;HMGN2;SMAD3;MYBL2;CCNB2;CDC6;SNRPD1;RAD23B;SFPQ;TRAIP;XPO1;HUS1;MT2A;RPA2;CCND1;CDKN1B;SMARCC1;ABL1;RAD21;KPNB1;BARD1;TRA2B;HIRA;CTCF;STAG1;CUL1;RASAL2;LMNB1;PDS5B;MARCKS;POLQ;TOP2A;FANCC;UBE2S;BCL3;BRCA2;UPF1;KIF22;NUMA1;CHAF1A;PLK4;UCK2;WRN;POLA2;KIF20B;SQLE;SLC7A5;CKS2;PBK;MNAT1;KIF11;PRIM2;ESPL1;E2F1;MCM6;SAP30;CUL3;MYC;KIF5B;BUB1;RBM14;E2F4;NOTCH2;SLC7A1;CENPF;E2F2;MCM2;CCNF;DBF4;NCL;NOLC1;RPS6KA5;ODF2;MAD2L1;CDC20;PTTG1;CCNT1;GINS2;TACC3;CUL5;PLK1;MCM3;EFNA5;CCNA2;KIF2C;TOP1;ODC1;MCM5;PRPF4B;EGF;CDK4;AURKB;MEIS1;E2F3;STMN1;CENPE;TGFB1;TROAP;SLC12A2;PAFAH1B1;NEK2,10.00%,HOXC10;HMGN2;SMAD3;MYBL2;CCNB2;CDC6;SNRPD1;RAD23B;SFPQ;TRAIP;XPO1;HUS1;MT2A;RPA2;CCND1;CDKN1B;SMARCC1,17/101
23,HALLMARK_PEROXISOME,0.4567890168299105,0.26477304225500475,1.0878807467332297,0.29471544715447157,CACNA1B;CDK7;ABCC8;VPS4B;DHRS3;SMARCC1;ALDH9A1;ABCC5;ACSL1;FADS1;LONP2;ECH1;TTR;SLC35B2;SOD1;TOP2A;ISOC1;YWHAH;IDH2;CEL;ERCC3;CRABP2;RDH11;ELOVL5;SERPINA6;PEX11A;SCP2;SLC25A4;IDE;CLN6;MSH2;DHCR24;IDI1;CLN8;PABPC1;ALB;RETSAT;CAT;CRABP1;EPHX2;PEX6;PEX14;HSD11B2;FIS1;SEMA3C;SULT2B1;MLYCD;SLC25A17;HSD17B4;HSD17B11;ABCB1;BCL10;ABCD2,30.56%,CACNA1B;CDK7;ABCC8;VPS4B;DHRS3;SMARCC1;ALDH9A1;ABCC5;ACSL1;FADS1;LONP2;ECH1;TTR;SLC35B2;SOD1;TOP2A;ISOC1,17/53
24,HALLMARK_TNFA_SIGNALING_VIA_NFKB,0.4591707507928009,0.23278427032136678,1.0983077484271233,0.2510460251046025,PNRC1;IER2;IFIT2;SMAD3;NFKBIA;KLF9;IER3;KLF2;TANK;TIPARP;MSC;GADD45B;TUBB2A;EIF1;DENND5A;MAP3K8;DUSP1;EGR3;SOCS3;CCND1;DNAJB4;EHD1;GFPT2;PLK2;KLF10;GADD45A;TNFAIP3;TNFRSF9;PANX1;PFKFB3;TRIB1;TNFAIP6;RIPK2;STAT5A;IL23A;IL1B;TRIP10;HES1;DUSP2;MARCKS;BTG2;PLEK;OLR1;BTG1;TLR2;ICAM1;ABCA1;BCL3;MXD1;NR4A2;PTGS2;JAG1;PER1;BIRC2;B4GALT5;FOS;IL6;TNC;ID2;TRAF1;PPP1R15A;MYC;EGR1;CCNL1;TNF;YRDC;TAP1;SPSB1;NINJ1;B4GALT1;TNFAIP2;INHBA;TNIP1;KLF4;REL;BHLHE40;CCL2;BMP2;IL1A;TNFSF9;SGK1;FOSL1;TNFAIP8;IFNGR2;DRAM1;SNN;LIF;FOSL2;SDC4;CSF2;NFKBIE;CXCL6;LDLR;CCL5;ZFP36;F3;IRF1;DUSP5;MAP2K3;TSC22D1;F2RL1;NAMPT;ZC3H12A;IRS2;PTGER4;CXCL3;AREG;CXCL2;IL7R;KDM6B;ETS2;RELB;IL12B;HBEGF;CD80;CXCL1;KYNU,14.52%,PNRC1;IER2;IFIT2;SMAD3;NFKBIA;KLF9;IER3;KLF2;TANK;TIPARP;MSC;GADD45B;TUBB2A;EIF1;DENND5A;MAP3K8;DUSP1;EGR3;SOCS3;CCND1;DNAJB4;EHD1;GFPT2;PLK2;KLF10,25/117
25,HALLMARK_UV_RESPONSE_UP,0.5081182425608108,0.2288922147080363,1.0211887417368173,0.4074844074844075,FKBP4;TCHH;NFKBIA;ONECUT1;CNP;PRKACA;CREG1;APOM;GAL;RPN1;SPR;PPAT;GLS;HMOX1;STIP1;CYB5R1;POLR2H;BTG2;BTG1;ICAM1;RXRB;ATP6V1F;MMP14;TYRO3;NPTX2;LHX2;KLHDC3;FMO1;CDC34;FOS;CDC5L;CHRNA5;IL6;ENO2;SLC25A4;CA2;IGFBP2;FURIN;UROD;PRPF3;GRPEL1;PDAP1;POLG2;YKT6;TAP1;CEBPG;FGF18;TACR3;CYP1A1;NPTXR;BMP2;HSPA13;MSX1;WIZ;OLFM1;DNAJB1;MRPL23;STK25;CCK;DDX21;IRF1;SULT1A1;ABCB1;EPCAM;CDO1;PPIF;PPP1R2;GPX3;PSMC3;TUBA4A;PLCL1;GGH;CXCL2;TST;CYB5B,16.62%,FKBP4;TCHH;NFKBIA;ONECUT1;CNP;PRKACA;CREG1;APOM;GAL;RPN1;SPR;PPAT;GLS;HMOX1;STIP1,15/75
26,HALLMARK_CHOLESTEROL_HOMEOSTASIS,0.5194431860302293,0.2721543301762164,1.0273735809585953,0.3896353166986564,LPL;PNRC1;SREBF2;GLDC;ANTXR2;ECH1;AVPR1A;ALCAM;ATXN2;JAG1;S100A11;ACTG1;SQLE;CD9;STARD4;ERRFI1;MAL2;IDI1;ACAT2;STX5;PCYT2;PLSCR1;FASN;HSD17B7;FABP5;SCD;ANXA5;FBXO6;FADS2;TNFRSF12A;TM7SF2;TMEM97;LDLR;ALDOC;GNAI1;ETHE1;MVD;PMVK;FDFT1;GUSB,6.83%,LPL;PNRC1;SREBF2;GLDC,4/40
27,HALLMARK_HEME_METABOLISM,0.5341187448967689,-0.2643433203092113,-1.1835110658478,0.1462925851703407,NEK7;ANK1;CCDC28A;SLC2A1;TRAK2;EZH1;UCP2;VEZF1;UBAC1;USP15;SLC25A37;GCLM;HBB;ALDH1L1;SLC7A11;GCLC;BTG2;CIR1;MOCOS;TAL1;TSPAN5;RBM5;GMPS;PSMD9;SPTB;MBOAT2;PPP2R5B;HMBS;KAT2B;CA2;FOXJ2;LRP10;HEBP1;MXI1;RANBP10;SLC25A38;SLC22A4;UROD;PDZK1IP1;BLVRB;RIOK3;KHNYN;SLC4A1;TNS1;DCAF10;KEL;SLC30A1;DAAM1;BNIP3L;E2F2;PGLS;CAT;ELL2;C3;RCL1;ARL2BP;OSBP2;MGST3;RAD23A;NFE2L1;ALAD;SPTA1;TMEM9B;KLF3;ISCA1;SIDT2;FN3K;CPOX;TFDP2;ABCB6;SLC11A2;HBBP1;MAP2K3;TYR;UROS;GAPVD1;ALDH6A1;AGPAT4;TOP1;ENDOD1;TMCC2;EPOR;DCUN1D1;SELENBP1;SLC30A10;KLF1;CDR2;BLVRA;ABCG2;ARHGEF12;MFHAS1;RHAG;MINPP1,27.17%,MINPP1;RHAG;MFHAS1;ARHGEF12;ABCG2;BLVRA;CDR2;KLF1;SLC30A10;SELENBP1;DCUN1D1;EPOR;TMCC2;ENDOD1;TOP1;AGPAT4;ALDH6A1;GAPVD1;UROS;TYR;MAP2K3;HBBP1;SLC11A2;ABCB6;TFDP2;CPOX;FN3K;SIDT2;ISCA1;KLF3;TMEM9B;SPTA1,32/93
28,HALLMARK_UV_RESPONSE_DN,0.5341581786928918,0.23815947366581328,1.0326886119773888,0.38803088803088803,SDC2;NEK7;PTEN;SMAD3;PRKCA;CAV1;MTA1;MT1E;DUSP1;PDGFRB;CDKN1B;HAS2;SYNJ2;PHF3;MRPS31;TGFBR3;FBLN5;ZMIZ1;DLC1;BMPR1A;DAB2;CDON;MGMT;ACVR2A;LTBP1;PTPN21;SNAI2;SCHIP1;PIAS3;SIPA1L1;RUNX1;IGF1R;SMAD7;ITGB3;COL5A2;IGFBP5;MYC;DBP;KALRN;NOTCH2;SLC7A1;ANXA4;MAP1B;PIK3CD;PEX14;PRKCE;BHLHE40;SCN8A;RND3;RXRA;AGGF1;LDLR;GRK5;ADORA2B;WDR37;F3;NRP1;NFIB;COL1A1;CAP2;COL1A2;LAMC1;MAGI2;COL3A1;RASA2;SRI;PRKAR2B,9.92%,SDC2;NEK7;PTEN;SMAD3;PRKCA;CAV1;MTA1;MT1E;DUSP1;PDGFRB;CDKN1B,11/67
29,HALLMARK_IL6_JAK_STAT3_SIGNALING,0.5837785623626405,0.23688530544300906,0.978802248420467,0.5072463768115942,INHBE;CD38;IL17RA;MAP3K8;IFNGR1;REG1A;SOCS3;CXCL9;IL4R;STAT2;CBL;PTPN1;HMOX1;CXCL13;TNFRSF1A;IFNAR1;PDGFC;IL17RB;IL7;IL1B;PF4;STAM2;TLR2;PTPN11;CCL7;IL6;IL2RA;TYK2;ITGB3;CD9;SOCS1;CSF2RB;IRF9;TNF;IL10RB;LTBR;ITGA4;MYD88;TNFRSF12A;TNFRSF1B;IFNGR2;EBI3;CSF2;PIM1;IRF1;IL18R1;CXCL3;OSMR;TGFB1;TNFRSF21;IL1R1;CXCL1;A2M,27.75%,INHBE;CD38;IL17RA;MAP3K8;IFNGR1;REG1A;SOCS3;CXCL9;IL4R;STAT2;CBL;PTPN1;HMOX1;CXCL13;TNFRSF1A;IFNAR1;PDGFC;IL17RB;IL7;IL1B;PF4,21/53
30,HALLMARK_INTERFERON_ALPHA_RESPONSE,0.6186865741280765,-0.277395509264151,-1.1180199589856372,0.24812030075187969,IFIT2;CNP;IFI30;IL4R;STAT2;ISG20;RIPK2;TDRD7;DDX60;IL7;IFI44;PARP12;BST2;TMEM140;LAMP3;TRIM26;B2M;IRF2;RNF31;TRIM25;USP18;UBA7;PARP14;IRF9;TXNIP;CMPK2;TAP1;PLSCR1;LGALS3BP;GMPR;HLA-C;NMI;NUB1;LAP3;TRIM21;IFI35;DHX58;IRF1;GBP2;GBP4;SLC25A28;BATF2;RTP4;PNPT1;SELL;PROCR;SAMD9L;OGFR;PSME2;SAMD9;RSAD2,20.49%,RSAD2;SAMD9;PSME2;OGFR;SAMD9L;PROCR;SELL;PNPT1;RTP4;BATF2;SLC25A28;GBP4;GBP2;IRF1,14/51
31,HALLMARK_ESTROGEN_RESPONSE_LATE,0.6380963490026829,-0.2213463820895103,-1.02829919672058,0.38235294117647056,RAB31;FKBP4;TFPI2;SLC26A2;TFAP2C;CAV1;CDC6;KCNK5;SNX10;CXCL14;LTF;SERPINA5;OPN3;CKB;DNAJC1;EGR3;RAPGEFL1;CCND1;RNASEH2A;GAL;ACOX2;NPY1R;ST6GALNAC2;CYP26B1;ISG20;SORD;CLIC3;IMPA2;UNC13B;CELSR2;COX6C;IL17RB;DUSP2;DCXR;S100A9;TOP2A;TRIM29;UGDH;SLC24A3;PGR;NRIP1;AFF1;TNNC1;JAK1;EMP2;PRSS23;PLK4;IDH2;KIF20A;SLC9A3R1;ELOVL5;PRLR;FAM102A;FOS;CPE;AMFR;SLC7A5;SLC22A5;CHPT1;ID2;ARL3;CA2;CD9;PTPN6;NAB2;MICB;OVOL2;ITPK1;CDH1;BLVRB;TJP3;ANXA9;KLF4;BCL2;FABP5;NMU;BATF;ETFB;PERP;OLFM1;SGK1;SLC2A8;CDC20;RPS6KA2;HSPA4L;GINS2;AGR2;TSPAN13;MAPK13;SULT2B1;FRK;ZFP36;PCP4;PTGES;KRT19;PPIF;SIAH2;ST14;AREG;FARP1;SERPINA3;FDFT1;TST;ABCA3;IGFBP4;JAK2;TFF1;HSPB8;DLG5;TFF3;METTL3;TIAM1;DNAJC12;PRKAR2B,8.39%,PRKAR2B;DNAJC12;TIAM1;METTL3;TFF3;DLG5;HSPB8;TFF1;JAK2;IGFBP4;ABCA3;TST;FDFT1;SERPINA3;FARP1;AREG;ST14,17/114
32,HALLMARK_COAGULATION,0.6672110113145924,-0.25825825061454577,-1.1235323611873895,0.2315369261477046,APOA1;TFPI2;GNB2;MMP2;APOC1;CAPN2;RABIF;VWF;CTSO;ACOX2;KLF7;FGA;CPN1;HTRA1;PEF1;THBS1;GNG12;ANXA1;PF4;PLEK;OLR1;F12;CTSK;DUSP14;SH2B2;MMP14;PROZ;MMP9;PRSS23;COMP;MASP2;CFB;LTA4H;ITGB3;CD9;APOC2;GP1BA;FURIN;F11;LEFTY2;SPARC;F2;C1R;KLKB1;C3;PROC;PDGFB;CFD;C8G;FBN1;LRP1;C8A;TMPRSS6;GDA;MMP11;DPP4;F3;MMP7;MMP8;SERPINC1;MMP10;ARF4;CFI;C1QA;F10;BMP1;MMP15;CAPN5;GP9;MSRB2;PREP;CRIP2;C8B;CFH;F13B;APOC3;TF;ITGA2;A2M,21.19%,A2M;ITGA2;TF;APOC3;F13B;CFH;C8B;CRIP2;PREP;MSRB2;GP9;CAPN5;MMP15;BMP1;F10;C1QA;CFI;ARF4;MMP10;SERPINC1;MMP8;MMP7;F3;DPP4,24/79
33,HALLMARK_ALLOGRAFT_REJECTION,0.674676309343287,-0.22675311467760384,-1.064722703004424,0.3180952380952381,BCAT1;CARTPT;HLA-DMB;IL27RA;IFNGR1;STAT4;GLMN;CXCL9;IL4R;HLA-G;EIF3D;CD3E;CD7;RPS9;CXCL13;PRKCG;IL10;CD1D;GALNT1;PSMB10;IL9;ELANE;TRAF2;RIPK2;IKBKB;ITK;INHBB;IL7;IL1B;CD28;PF4;IL18RAP;UBE2D1;MRPL3;ETS1;TLR2;ICAM1;IRF8;TLR6;BCL3;CAPG;ACVR2A;B2M;MMP9;CCL7;CCL22;RPS19;EGFR;IL6;GZMA;IL2RA;UBE2N;CCL19;SOCS1;PTPN6;HLA-DMA;HLA-DOB;F2R;RPS3A;SIT1;IL13;HLA-E;F2;LY75;TNF;CD2;TAP1;ZAP70;INHBA;CTSS;CD86;HLA-A;CRTAM;EIF4G3;CD4;CCL2;NCK1;IL16;THY1;GPR65;NOS2;HLA-DOA;IFNGR2;IL11;EIF3A;LIF;EREG;CCND2;ST8SIA4;CCL5;HCLS1;CCL11;EIF3J;GBP2;GZMB;HLA-DRA;IL2;SRGN;STAB1;BCL10;IL12A;IFNG;LY86;TGFB1;KRT1;TRAT1;JAK2;LCP2;IL2RB;IL12B;TLR3;RPL3L;CD80;CD3G;TLR1,11.15%,TLR1;CD3G;CD80;RPL3L;TLR3;IL12B;IL2RB;LCP2;JAK2;TRAT1;KRT1;TGFB1;LY86;IFNG;IL12A;BCL10;STAB1,17/115
34,HALLMARK_INTERFERON_GAMMA_RESPONSE,0.6833413874123077,-0.2190278818819053,-1.0285091664404473,0.4069097888675624,PSMB2;APOL6;IFIT2;CD38;NFKBIA;IFI30;VAMP5;STAT4;MT2A;SOCS3;CXCL9;IL4R;STAT2;HLA-G;NOD1;GBP6;PTPN1;TNFAIP3;CIITA;TOR1B;ISG20;PSMA2;IFIT1;PSMB10;NUP93;TNFAIP6;RIPK2;TDRD7;OAS3;RIPK1;DDX60;IL7;ARID5B;NLRC5;IFI44;PARP12;VAMP8;ISOC1;BTG1;ICAM1;PNP;IRF8;SPPL2A;BST2;TNFSF10;TRIM26;B2M;IRF2;RNF31;TRIM25;PTGS2;CCL7;USP18;ITGB7;PLA2G4A;IL6;GZMA;PARP14;PFKP;CFB;SOCS1;CSF2RB;PTPN6;IRF9;HLA-DMA;TXNIP;HLA-B;CMPK2;TAP1;PLSCR1;LGALS3BP;C1R;TNFAIP2;CD86;HLA-A;NMI;SECTM1;CCL2;MYD88;KLRK1;LAP3;TRIM21;IFI35;DHX58;IDO1;ST8SIA4;SLAMF7;CCL5;PIM1;HLA-DRB1;ZNFX1;IRF1;GBP4;ST3GAL5;SLC25A28;NAMPT;BATF2;RTP4;FPR1;PNPT1;SAMD9L;SAMHD1;SELP;JAK2;LCP2;CFH;IL2RB;OGFR;PSME2;LATS2;RSAD2;SRI;RNF213;MX2,6.80%,MX2;RNF213;SRI;RSAD2;LATS2;PSME2;OGFR;IL2RB;CFH;LCP2;JAK2;SELP;SAMHD1;SAMD9L,14/114
35,HALLMARK_HEDGEHOG_SIGNALING,0.6837163186749097,-0.3252756938929572,-0.9970657167022818,0.4579831932773109,CRMP1;MYH9;NKX6-1;CDK5R1;SLIT1;TLE1;DPYSL2;LDB1;THY1;HEY2;RTN1;CELSR1;SHH;NRP1;UNC5C;SCG2;ETS2,33.20%,ETS2;SCG2;UNC5C;NRP1;SHH;CELSR1;RTN1;HEY2;THY1,9/17
36,HALLMARK_KRAS_SIGNALING_UP,0.6853717844036287,-0.22064769363695008,-1.0437338248327142,0.34709193245778613,ANKH;KIF5C;AKAP12;CXCR4;DOCK2;EVI5;PTBP2;GADD45G;MAP3K1;ZNF277;LY96;FUCA1;CDADC1;GFPT2;MMD;CBL;RBM4;PPBP;TNFAIP3;ADAM17;RGS16;NR0B2;TRIB1;AVL9;GALNT3;SDCCAG8;IL1B;MTMR10;ETS1;EMP1;C3AR1;IRF8;MMP9;PTGS2;RABGAP1L;ZNF639;PRDM1;DCBLD2;ETV5;KCNN4;CPE;ALDH1A3;ID2;AKT2;TRAF1;CFB;CA2;USP12;PPP1R15A;IKZF1;PTCD2;FCER1G;LAPTM5;DNMBP;SLPI;ACE;YRDC;HOXD11;PRKG2;INHBA;CTSS;ARG1;KLF4;IL1RL2;EPB41L3;BMP2;CBR4;RBP4;TNFRSF1B;NR1H4;ANO1;MYCN;CBX8;SPON1;WNT7A;ITGBL1;IL33;NGF;LIF;TSPAN13;EREG;CCND2;SCN1B;CSF2;GPRC5B;MMP11;PDCD1LG2;ABCB1;PCP4;STRN;NRP1;MMP10;FGF9;F13A1;F2RL1;PLEK2;SOX9;MALL;APOD;PTPRR;SPRY2;LCP1;MAP7;PLVAP;SERPINA3;CFHR2;WDR33;HKDC1;FLT4;TSPAN1;IL7R;CFH;BTC;PIGR;HBEGF;ITGA2,19.47%,ITGA2;HBEGF;PIGR;BTC;CFH;IL7R;TSPAN1;FLT4;HKDC1;WDR33;CFHR2;SERPINA3;PLVAP;MAP7;LCP1;SPRY2;PTPRR;APOD;MALL;SOX9;PLEK2;F2RL1;F13A1;FGF9;MMP10;NRP1;STRN;PCP4;ABCB1,29/116
37,HALLMARK_ESTROGEN_RESPONSE_EARLY,0.7263395650191404,-0.22788034473779845,-1.0675418710450821,0.33268858800773693,RAB31;MREG;FKBP4;SLC26A2;TFAP2C;TIPARP;KCNK5;DHRS3;OPN3;EGR3;RAPGEFL1;CCND1;SLC2A1;NPY1R;KLF10;SLC19A2;UGCG;CYP26B1;MED13L;GAB2;CLIC3;SLC37A1;SNX24;CELSR2;IL17RB;INHBB;HES1;DLC1;SLC24A3;PGR;KRT15;RHOD;NRIP1;AFF1;ADCY9;PRSS23;TUBB2B;SLC9A3R1;ELOVL5;AKAP1;IGF1R;FAM102A;PEX11A;FOS;AMFR;SLC7A5;SLC22A5;CHPT1;ARL3;KDM4B;MICB;OVOL2;MYC;KRT8;ITPK1;RAB17;CBFA2T3;BLVRB;TJP3;ANXA9;CLDN7;B4GALT1;KCNK15;STC2;LRIG1;FASN;KLF4;BCL2;ESRP2;NAV2;BHLHE40;OLFM1;RPS6KA2;THSD4;RHOBTB3;CELSR1;INPP5F;TSKU;TTC39A;ISG20L2;SULT2B1;ADCY1;FRK;PTGES;LAD1;GREB1;KRT19;PPIF;SLC1A1;ENDOD1;OLFML3;NADSYN1;SIAH2;MPPED2;AREG;FARP1;FDFT1;SYT12;ABCA3;SYNGR1;IGFBP4;JAK2;TFF1;HSPB8;TFF3;TIAM1;ELOVL2;SEC14L2,18.16%,SEC14L2;ELOVL2;TIAM1;TFF3;HSPB8;TFF1;JAK2;IGFBP4;SYNGR1;ABCA3;SYT12;FDFT1;FARP1;AREG;MPPED2;SIAH2;NADSYN1;OLFML3;ENDOD1;SLC1A1;PPIF;KRT19;GREB1;LAD1;PTGES,25/108
38,HALLMARK_MITOTIC_SPINDLE,0.8629331576129484,0.17288075961929542,0.8104144600478317,0.8755274261603375,PIF1;FGD4;SSH2;CCNB2;PCGF5;DOCK2;ARHGAP29;SHROOM1;LRPPRC;TUBD1;ARHGEF3;RAPGEF5;ABL1;TUBGCP3;SASS6;CDC42EP1;ECT2;LATS1;MYH9;PPP4R2;CEP192;RANBP9;NET1;RAB3GAP1;CDC42EP4;RASAL2;ARFGEF1;WASL;LMNB1;MYO1E;CD2AP;STK38L;KIF3C;RICTOR;MARCKS;TOP2A;MYH10;FGD6;SOS1;ARHGDIA;WASF2;BRCA2;KIF22;ARL8A;SAC3D1;NUMA1;CEP57;KIFAP3;TRIO;KIF20B;KPTN;DYNLL2;PCM1;LLGL1;CDC42EP2;TAOK2;KIF11;MAPRE1;ESPL1;DST;RFC1;KIF5B;BUB1;PKD2;KIF1B;TUBGCP2;NOTCH2;CENPF;SMC3;KATNB1;ARHGAP10;CEP250;SYNPO;ALMS1;ANLN;NCK1;RABGAP1;SPTBN1;MAP1S;NEDD9;PLEKHG2;RHOF;TBCD;MAP3K11;HOOK3;RHOT2;PLK1;MARK4;ARAP3;KIF2C;ACTN4;DYNC1H1;DOCK4;PREX1;KNTC1;CAPZB;CENPE;FSCN1;TUBA4A;FARP1;ROCK1;ARHGEF12;CENPJ;KIF3B;TIAM1;RASA2;PAFAH1B1;NEK2,22.62%,PIF1;FGD4;SSH2;CCNB2;PCGF5;DOCK2;ARHGAP29;SHROOM1;LRPPRC;TUBD1;ARHGEF3;RAPGEF5;ABL1;TUBGCP3;SASS6;CDC42EP1;ECT2;LATS1;MYH9;PPP4R2;CEP192;RANBP9;NET1;RAB3GAP1;CDC42EP4;RASAL2;ARFGEF1;WASL;LMNB1,29/108
39,HALLMARK_WNT_BETA_CATENIN_SIGNALING,0.8666881659930974,-0.2839919799190826,-0.9189137546889994,0.5777777777777777,MAML1;DVL2;ADAM17;CUL1;HDAC2;KAT2A;JAG1;NCSTN;DKK1;MYC;HEY2;DLL1;CCND2;WNT1;NOTCH1;GNAI1;AXIN2;NOTCH4;NKD1;WNT6;DKK4,26.07%,DKK4;WNT6;NKD1;NOTCH4;AXIN2;GNAI1;NOTCH1;WNT1;CCND2,9/21
40,HALLMARK_BILE_ACID_METABOLISM,0.8693933170147351,0.1962292488265327,0.8450796026956459,0.760593220338983,APOA1;PNPLA8;HAO1;ALDH9A1;HACL1;EFHC1;NPC1;TFCP2L1;ACSL1;BCAR3;PIPOX;FADS1;RBP1;PFKM;CYP46A1;NR0B2;BBOX1;LONP2;TTR;NEDD4;GCLM;SLC35B2;SOD1;BMP6;ISOC1;ABCA8;ABCA1;IDH2;HSD3B1;SERPINA6;PEX11A;HSD17B6;SCP2;PEX12;LIPE;DHCR24;PEX7;SOAT2;IDI1;ABCG8;RETSAT;CAT;EPHX2;PEX6;FADS2;GNMT;NR1H4;NUDT12;ABCA4;RXRA;AKR1D1;SULT2B1;MLYCD;PEX11G;HSD17B4;HSD17B11;CYP7B1;PEX1;KLF1;ABCA3;CYP39A1;ABCD2;GC;CYP27A1;AGXT,26.82%,APOA1;PNPLA8;HAO1;ALDH9A1;HACL1;EFHC1;NPC1;TFCP2L1;ACSL1;BCAR3;PIPOX;FADS1;RBP1;PFKM;CYP46A1;NR0B2;BBOX1;LONP2;TTR;NEDD4;GCLM;SLC35B2;SOD1,23/65
41,HALLMARK_APICAL_JUNCTION,0.8846560410746399,0.17655272751719012,0.818797196871409,0.8373015873015873,PPP2R2C;VASP;PTEN;SLC30A3;ACTB;TNFRSF11B;MMP2;GTF2F1;ACTA1;PBX2;VWF;CTNNA1;WNK4;MYH9;ACTN2;RAC2;ADAMTS5;CDK8;WASL;ITGA10;CDH4;EXOC4;THBS3;GNAI2;ITGA9;HADH;MYH10;COL17A1;ICAM1;INPPL1;RRAS;ADRA1B;MMP9;YWHAH;KRT31;CDH3;ACTC1;ACTG1;EGFR;PARVA;TAOK2;CLDN11;AKT2;PCDH1;TRAF1;EVL;SDC3;MAP4K2;PIK3CB;COL16A1;SYMPK;CLDN18;CDH1;CDH6;CLDN7;B4GALT1;CD86;NEXN;AMH;PFN1;ATP1A3;JAM3;THY1;STX4;FBN1;AMIGO1;LDLRAP1;RHOF;TUBG1;ADAM23;SLIT2;CDH15;MAPK13;CDH8;GNAI1;NRTN;NEGR1;SKAP2;ACTN3;ICAM5;COL9A1;MVD;ACTN4;SPEG;BMP1;ACTG2;CX3CL1;FSCN1;CDH11;TGFBI;CERCAM;SORBS3;NLGN2;LAYN;CLDN15;ITGA2,10.14%,PPP2R2C;VASP;PTEN;SLC30A3;ACTB;TNFRSF11B;MMP2;GTF2F1;ACTA1;PBX2;VWF;CTNNA1,12/96
42,HALLMARK_ANGIOGENESIS,0.947552597813208,-0.2606833287080267,-0.8539404313627231,0.6483739837398373,STC1;LPL;SERPINA5;SLCO2A1;PF4;LRPAP1;OLR1;PGLYRP1;JAG1;KCNJ8;COL5A2;FSTL1;MSX1;VTN;CCND2;CXCL6;NRP1;LUM;PRG2;COL3A1;TNFRSF21;APOH,3.14%,APOH;TNFRSF21;COL3A1,3/22
43,HALLMARK_P53_PATHWAY,0.968040854989498,0.14624434406665515,0.6750080978155475,0.9766454352441614,TCHH;IER3;IFI30;FUCA1;RB1;ABCC5;PLK2;ANKRA2;SLC19A2;GADD45A;PTPN14;LDHB;HMOX1;EPHA2;SERPINB5;PLK3;RGS16;CDKN2AIP;HDAC3;INHBB;TPRKB;TCN2;SLC7A11;DCXR;BTG2;TNNI1;VAMP8;CSRNP2;DNTTIP2;BTG1;SLC35D1;RAB40C;MXD1;ABHD4;MXD4;MAPKAPK3;FOS;SESN1;KIF13B;PVT1;CD81;CDK5R1;RPS27L;PPP1R15A;EPS8L2;SOCS1;POLH;PPM1D;FAM162A;AEN;S100A10;RAD9A;TXNIP;F2R;DDIT4;ADA;PMM1;TRAF4;TAP1;WWP1;NINJ1;RETSAT;ZFP36L1;KLF4;CDH13;BMP2;IL1A;TNFSF9;PERP;CGRRF1;TM4SF1;CLCA2;GLS2;AK1;DRAM1;HSPA4L;RXRA;LIF;CCND2;DDB2;DEF6;NOTCH1;RRP8;NUDT15;TM7SF3;RALGDS;ERCC5;TSC22D1;RPL18;PRKAB1;SEC61A1;GPX2;CTSF;PROCR;ST14;TAX1BP3;TGFB1;ZNF365;HBEGF,30.72%,TCHH;IER3;IFI30;FUCA1;RB1;ABCC5;PLK2;ANKRA2;SLC19A2;GADD45A;PTPN14;LDHB;HMOX1;EPHA2;SERPINB5;PLK3;RGS16;CDKN2AIP;HDAC3;INHBB;TPRKB;TCN2;SLC7A11;DCXR;BTG2;TNNI1;VAMP8;CSRNP2;DNTTIP2;BTG1,30/99
44,HALLMARK_SPERMATOGENESIS,0.9857822362196561,-0.20692853986696416,-0.859018286966158,0.7417582417582418,PRKAR2A;CCNB2;SYCP1;CNIH2;PGS1;GMCL1;TOPBP1;ELOVL3;TSN;PEBP1;SHE;TLE4;IL12RB2;SPATA6;PHKG2;TULP2;ALOX15;TUBA3C;MTOR;CSNK2A2;HSPA1L;CLVS1;STAM2;MTNR1A;NPY5R;SLC2A5;CST8;GAPDHS;HOXB1;YBX2;ODF1;IDE;GAD1;BUB1;DMRT1;ACE;PCSK4;CLPB;DBF4;GPR182;HTR5A;JAM3;COIL;CFTR;HSPA4L;TEKT2;DMC1;BRAF;DCC;TNNI3;DNAJB8;KIF2C;TNP1;NOS1;ACRBP;LPIN1;MAST2;NCAPH;MAP7;TALDO1;DDX25;CAMK4;SLC12A2;NEK2,19.89%,NEK2;SLC12A2;CAMK4;DDX25;TALDO1;MAP7;NCAPH;MAST2;LPIN1;ACRBP;NOS1;TNP1;KIF2C;DNAJB8;TNNI3;DCC;BRAF,17/64
45,HALLMARK_REACTIVE_OXYGEN_SPECIES_PATHWAY,0.9972005132392395,-0.16467275463974293,-0.5342056875972296,0.9806949806949807,TXNRD1;GSR;SBNO2;GCLM;SOD1;GCLC;TXN;NDUFA6;OXSR1;HHEX;PFKP;MPO;PRDX6;SRXN1;CAT;LSP1;ATOX1;TXNRD2;STK25;GPX3;PDLIM1;FTL,11.63%,FTL;PDLIM1;GPX3,3/22
46,HALLMARK_IL2_STAT5_SIGNALING,1.0,-0.14950325394788333,-0.6944970497257614,0.974903474903475,BATF3;CDC6;GADD45B;DHRS3;DENND5A;MAP3K8;SMPDL3A;IFNGR1;SYNGR2;IL4R;DCPS;IGF2R;GPR83;SHE;AHR;EOMES;IL10;CCR4;TNFRSF9;BMPR2;RGS16;ADAM19;MYO1E;PRKCH;GLIPR2;GABARAPL1;SERPINB6;LRRC8C;EMP1;POU2F1;PNP;SPRED2;IRF8;CD48;MXD1;TNFSF10;ALCAM;CAPG;SWAP70;RABGAP1L;SH3BGRL2;PTGER2;UCK2;COL6A1;IGF1R;ST3GAL4;IL2RA;CD81;TRAF1;TWSG1;CA2;CDCP1;SOCS1;FURIN;PDCD2L;MYC;P2RX4;IL13;RHOH;GSTO1;PLSCR1;CD86;LRIG1;CKAP4;PTH1R;ANXA4;IKZF4;MAP6;FLT3LG;BCL2;HK2;FAH;SCN9A;CTSZ;BHLHE40;BMP2;SLC29A2;BATF;TNFRSF1B;GPR65;PTRH2;IRF6;GALM;SYT11;LIF;CCND2;RORA;CSF2;ENPP1;PIM1;SOCS2;TNFRSF8;ABCB1;PLIN2;NRP1;SERPINC1;GBP4;NT5E;IL18R1;AHNAK;ODC1;RRAGD;CST7;IL1RL1;SNX9;SELL;SLC39A8;SELP;IL2RB;ICOS;TNFRSF21;TIAM1;ITGAE,19.47%,ITGAE;TIAM1;TNFRSF21;ICOS;IL2RB;SELP;SLC39A8;SELL;SNX9;IL1RL1;CST7;RRAGD;ODC1;AHNAK;IL18R1;NT5E;GBP4;SERPINC1;NRP1;PLIN2;ABCB1,21/113
47,HALLMARK_FATTY_ACID_METABOLISM,1.0,-0.1229580244533949,-0.5502775701271336,1.0,SERINC1;FH;NBN;ALDH9A1;SDHD;HSDL2;ACSL1;ACOT2;OSTC;DLD;CD1D;ME1;MIF;VNN1;PTPRG;ECH1;GRHPR;ADIPOR2;ACO2;GABARAPL1;HADH;UGDH;METAP1;DLST;PCBD1;GAPDHS;YWHAH;TP53INP2;SUCLG1;DECR1;CEL;HSP90AA1;RDH11;ELOVL5;FMO1;INMT;AOC3;CA6;ENO2;SLC22A5;ACAA2;CA2;CBR3;PRDX6;S100A10;MDH2;UROD;LTC4S;HSPH1;DHCR24;BMPR1B;IDI1;ACAT2;RETSAT;CYP1A1;FASN;HSD17B7;ACADL;NTHL1;ECHS1;MDH1;ALAD;REEP6;RDH16;GPD1;PTS;CPOX;MLYCD;HSD17B4;PDHB;HSD17B11;UROS;SUCLA2;CA4;TDO2;ACSS1;AUH;ODC1;LGALS1;CBR1;ACADS;SUCLG2;BLVRA;CPT2;FABP1,21.42%,FABP1;CPT2;BLVRA;SUCLG2;ACADS;CBR1;LGALS1;ODC1;AUH;ACSS1;TDO2;CA4;SUCLA2;UROS;HSD17B11;PDHB;HSD17B4,17/85
48,HALLMARK_NOTCH_SIGNALING,1.0,-0.1915087329958149,-0.6204038231887634,0.9523809523809523,PRKCA;CCND1;CUL1;HES1;KAT2A;HEYL;JAG1;DTX4;RBX1;SAP30;LFNG;NOTCH2;WNT5A;DLL1;MAML2;NOTCH1;FZD5;DTX1;ST3GAL6;NOTCH3,25.05%,NOTCH3;ST3GAL6;DTX1;FZD5;NOTCH1;MAML2,6/20
49,HALLMARK_MYC_TARGETS_V2,1.0,-0.1936033424187853,-0.727292161514083,0.9029126213592233,WDR74;IPO4;PES1;SORD;AIMP2;RRP9;SUPV3L1;DUSP2;NOP16;WDR43;GRWD1;PLK4;UTP20;DDX18;DCTPP1;MYC;MAP3K6;MRTO4;SLC19A1;SRM;HK2;RCL1;SLC29A2;NOLC1;TMEM97;PA2G4;NDUFAF4;IMP4;PLK1;FARSA;NOC4L;MCM5;BYSL;CDK4;HSPE1;PPRC1,25.42%,PPRC1;HSPE1;CDK4;BYSL;MCM5;NOC4L;FARSA;PLK1;IMP4;NDUFAF4;PA2G4,11/36
